2025-06-26 15:59:07,801 [ERROR] LogOutputStream:75 - [STDERR_REDIRECT] 
2025-06-26 16:03:39,625 [INFO] Activator:176 - 


2025-06-26 16:03:39,627 [INFO] Activator:177 - !SESSION log4j initialized
2025-06-26 16:03:45,958 [INFO] LogOutputStream:77 - [STDOUT_REDIRECT] 
2025-06-26 16:03:52,867 [INFO] ApplicationProperties:184 - Using Application install path: C:\ST\STM32CubeIDE_1.16.1\STM32CubeIDE\plugins\com.st.stm32cube.common.mx_6.12.1.202409122256
2025-06-26 16:03:52,889 [INFO] DbMcusXml:78 - Set database path to: C:\ST\STM32CubeIDE_1.16.1\STM32CubeIDE\plugins\com.st.stm32cube.common.mx_6.12.1.202409122256\\db\/mcu/
2025-06-26 16:03:52,890 [INFO] ApiDb:274 - Set plugin database path to: C:\ST\STM32CubeIDE_1.16.1\STM32CubeIDE\plugins\com.st.stm32cube.common.mx_6.12.1.202409122256\\db\/plugins/boardmanager/
2025-06-26 16:03:52,890 [WARN] ApiDb:259 - Overriding images path with different value:  => C:\ST\STM32CubeIDE_1.16.1\STM32CubeIDE\plugins\com.st.stm32cube.common.mx_6.12.1.202409122256\\db\/plugins/mcufinder/images/
2025-06-26 16:03:52,912 [INFO] ApiDb:250 - Set database path to: C:\Users\LENOVO\.stmcufinder\plugins\mcufinder//mcu/
2025-06-26 16:03:52,913 [INFO] DbMcusAds:125 - Set database path to: C:\Users\LENOVO\.stmcufinder\plugins\mcufinder//mcu/
2025-06-26 16:03:52,917 [INFO] CrossReferenceDbSqlite:203 - Set database path to: C:\Users\LENOVO\.stmcufinder\plugins\mcufinder//mcu/cs/
2025-06-26 16:03:53,105 [INFO] RulesReader:64 - Compatibility file has been processed (297 Rules)
2025-06-26 16:03:53,216 [INFO] DbMcusXml:78 - Set database path to: C:\ST\STM32CubeIDE_1.16.1\STM32CubeIDE\plugins\com.st.stm32cube.common.mx_6.12.1.202409122256\\db\/mcu/
2025-06-26 16:03:53,217 [INFO] ApiDb:274 - Set plugin database path to: C:\ST\STM32CubeIDE_1.16.1\STM32CubeIDE\plugins\com.st.stm32cube.common.mx_6.12.1.202409122256\\db\/plugins/boardmanager/
2025-06-26 16:03:53,217 [INFO] ApiDb:261 - Set plugin images path to: C:\ST\STM32CubeIDE_1.16.1\STM32CubeIDE\plugins\com.st.stm32cube.common.mx_6.12.1.202409122256\\db\/plugins/mcufinder/images/
2025-06-26 16:03:53,217 [WARN] DbFile:41 - Overriding database path with different value: C:\Users\LENOVO\.stmcufinder\plugins\mcufinder/ => C:\Users\LENOVO\.stmcufinder\plugins\mcufinder
2025-06-26 16:03:53,217 [INFO] ApiDb:250 - Set database path to: C:\Users\LENOVO\.stmcufinder\plugins\mcufinder//mcu/
2025-06-26 16:03:53,217 [WARN] DbFile:41 - Overriding database path with different value: C:\Users\LENOVO\.stmcufinder\plugins\mcufinder/ => C:\Users\LENOVO\.stmcufinder\plugins\mcufinder
2025-06-26 16:03:53,217 [INFO] DbMcusAds:125 - Set database path to: C:\Users\LENOVO\.stmcufinder\plugins\mcufinder//mcu/
2025-06-26 16:03:53,217 [WARN] DbFile:41 - Overriding database path with different value: C:\Users\LENOVO\.stmcufinder\plugins\mcufinder/ => C:\Users\LENOVO\.stmcufinder\plugins\mcufinder
2025-06-26 16:03:53,218 [WARN] DbFile:41 - Overriding database path with different value: C:\Users\LENOVO\.stmcufinder\plugins\mcufinder/ => C:\Users\LENOVO\.stmcufinder\plugins\mcufinder
2025-06-26 16:03:53,218 [INFO] CrossReferenceDbSqlite:203 - Set database path to: C:\Users\LENOVO\.stmcufinder\plugins\mcufinder//mcu/cs/
2025-06-26 16:03:53,327 [INFO] MainPanel:268 - HeapMemory: 268435456
2025-06-26 16:03:53,454 [INFO] DbMcusXml:78 - Set database path to: C:\ST\STM32CubeIDE_1.16.1\STM32CubeIDE\plugins\com.st.stm32cube.common.mx_6.12.1.202409122256\\db\/mcu/
2025-06-26 16:03:53,455 [INFO] ApiDb:274 - Set plugin database path to: C:\ST\STM32CubeIDE_1.16.1\STM32CubeIDE\plugins\com.st.stm32cube.common.mx_6.12.1.202409122256\\db\/plugins/boardmanager/
2025-06-26 16:03:53,455 [INFO] ApiDb:261 - Set plugin images path to: C:\ST\STM32CubeIDE_1.16.1\STM32CubeIDE\plugins\com.st.stm32cube.common.mx_6.12.1.202409122256\\db\/plugins/mcufinder/images/
2025-06-26 16:03:53,455 [WARN] DbFile:41 - Overriding database path with different value: C:\Users\LENOVO\.stmcufinder\plugins\mcufinder/ => C:\Users\LENOVO\.stmcufinder\plugins\mcufinder
2025-06-26 16:03:53,455 [INFO] ApiDb:250 - Set database path to: C:\Users\LENOVO\.stmcufinder\plugins\mcufinder//mcu/
2025-06-26 16:03:53,455 [WARN] DbFile:41 - Overriding database path with different value: C:\Users\LENOVO\.stmcufinder\plugins\mcufinder/ => C:\Users\LENOVO\.stmcufinder\plugins\mcufinder
2025-06-26 16:03:53,455 [INFO] DbMcusAds:125 - Set database path to: C:\Users\LENOVO\.stmcufinder\plugins\mcufinder//mcu/
2025-06-26 16:03:53,455 [WARN] DbFile:41 - Overriding database path with different value: C:\Users\LENOVO\.stmcufinder\plugins\mcufinder/ => C:\Users\LENOVO\.stmcufinder\plugins\mcufinder
2025-06-26 16:03:53,456 [WARN] DbFile:41 - Overriding database path with different value: C:\Users\LENOVO\.stmcufinder\plugins\mcufinder/ => C:\Users\LENOVO\.stmcufinder\plugins\mcufinder
2025-06-26 16:03:53,456 [INFO] CrossReferenceDbSqlite:203 - Set database path to: C:\Users\LENOVO\.stmcufinder\plugins\mcufinder//mcu/cs/
2025-06-26 16:03:53,478 [INFO] ApplicationProperties:184 - Using Application install path: C:\ST\STM32CubeIDE_1.16.1\STM32CubeIDE\plugins\com.st.stm32cube.common.mx_6.12.1.202409122256
2025-06-26 16:03:53,480 [INFO] PluginManage:196 - Search for loadable plugins [exclusion list=, ]
2025-06-26 16:03:53,482 [INFO] PluginManage:310 - Check plugin analytics
2025-06-26 16:03:58,206 [INFO] AnalyticsPlugin:253 - Accepted Software Licenses: STM32CubeMX.6.7.0
2025-06-26 16:03:58,206 [INFO] AnalyticsPlugin:255 - Accepted CMSIS Pack Licenses: 
2025-06-26 16:03:58,207 [INFO] AnalyticsPlugin:257 - Accepted Firmware Licenses: FW.F4.1.27.0,FW.F4.1.28.0
2025-06-26 16:03:58,209 [INFO] PluginManage:359 - Loaded plugin analytics (category:tool,tabindex:-1)
2025-06-26 16:03:58,209 [INFO] PluginManage:310 - Check plugin cadmodel
2025-06-26 16:03:58,228 [INFO] CADModel:105 - Init CAD model plugin
2025-06-26 16:03:58,228 [INFO] PluginManage:359 - Loaded plugin cadmodel (category:power,tabindex:5)
2025-06-26 16:03:58,228 [INFO] PluginManage:310 - Check plugin clock
2025-06-26 16:03:58,252 [INFO] PluginManage:359 - Loaded plugin clock (category:base,tabindex:2)
2025-06-26 16:03:58,252 [INFO] PluginManage:310 - Check plugin ddr
2025-06-26 16:03:58,255 [INFO] PluginManage:359 - Loaded plugin ddr (category:tool,tabindex:6)
2025-06-26 16:03:58,255 [INFO] PluginManage:310 - Check plugin filemanager
2025-06-26 16:03:58,385 [INFO] PluginManage:359 - Loaded plugin filemanager (category:base,tabindex:10)
2025-06-26 16:03:58,386 [INFO] PluginManage:310 - Check plugin ipmanager
2025-06-26 16:03:58,392 [INFO] PluginManage:359 - Loaded plugin ipmanager (category:base,tabindex:5)
2025-06-26 16:03:58,392 [INFO] PluginManage:310 - Check plugin lpbam
2025-06-26 16:03:58,412 [INFO] PluginManage:359 - Loaded plugin lpbam (category:base,tabindex:0)
2025-06-26 16:03:58,412 [INFO] PluginManage:310 - Check plugin memorymap
2025-06-26 16:03:58,435 [INFO] PluginManage:359 - Loaded plugin memorymap (category:base,tabindex:4)
2025-06-26 16:03:58,435 [INFO] PluginManage:310 - Check plugin pinoutandconfiguration
2025-06-26 16:03:58,455 [INFO] PluginManage:359 - Loaded plugin pinoutandconfiguration (category:base,tabindex:1)
2025-06-26 16:03:58,455 [INFO] PluginManage:310 - Check plugin pinoutconfig
2025-06-26 16:03:58,547 [WARN] SupportedApi:132 - Cannot load RTOS API schema: s4s-elt-must-match.1: The content of 'definitions' must match (annotation?, (simpleType | complexType)?, (unique | key | keyref)*)). A problem was found starting at: attribute.
2025-06-26 16:03:58,668 [INFO] PluginManage:359 - Loaded plugin pinoutconfig (category:base,tabindex:0)
2025-06-26 16:03:58,668 [INFO] PluginManage:310 - Check plugin power
2025-06-26 16:03:58,691 [INFO] PluginManage:359 - Loaded plugin power (category:power,tabindex:4)
2025-06-26 16:03:58,691 [INFO] PluginManage:310 - Check plugin projectmanager
2025-06-26 16:03:58,705 [INFO] PluginManage:359 - Loaded plugin projectmanager (category:projectmanager,tabindex:4)
2025-06-26 16:03:58,705 [INFO] PluginManage:310 - Check plugin rif
2025-06-26 16:03:58,727 [INFO] PluginManage:359 - Loaded plugin rif (category:base,tabindex:3)
2025-06-26 16:03:58,727 [INFO] PluginManage:310 - Check plugin thirdparty
2025-06-26 16:03:59,073 [INFO] PluginManage:359 - Loaded plugin thirdparty (category:base,tabindex:-1)
2025-06-26 16:03:59,073 [WARN] IntegrityCheckThread:84 - waiting for thirdparty lock release [integrity check]
2025-06-26 16:03:59,073 [INFO] PluginManage:310 - Check plugin tools
2025-06-26 16:03:59,073 [INFO] IntegrityCheckThread:86 - entering critical section [integrity check]
2025-06-26 16:03:59,073 [INFO] ThirdPartyUpdaterWithRetryManager:70 - Updater plugin not ready yet. [1/15]
2025-06-26 16:03:59,128 [INFO] PluginManage:359 - Loaded plugin tools (category:base,tabindex:7)
2025-06-26 16:03:59,128 [INFO] PluginManage:310 - Check plugin tutovideos
2025-06-26 16:03:59,419 [INFO] PluginManage:359 - Loaded plugin tutovideos (category:base,tabindex:-1)
2025-06-26 16:03:59,421 [INFO] PluginManage:310 - Check plugin updater
2025-06-26 16:03:59,450 [INFO] PluginManage:359 - Loaded plugin updater (category:base,tabindex:12)
2025-06-26 16:03:59,450 [INFO] PluginManage:310 - Check plugin userauth
2025-06-26 16:03:59,459 [INFO] UserAuth:113 - Init User Auth plugin
2025-06-26 16:03:59,460 [INFO] PluginManage:359 - Loaded plugin userauth (category:base,tabindex:14)
2025-06-26 16:03:59,461 [INFO] PluginManage:283 - PluginManage : Loaded plugins [18]
2025-06-26 16:03:59,693 [INFO] PinOutPanel:1561 - setPackage(No Configuration,No Configuration)
2025-06-26 16:03:59,811 [INFO] CADModel:165 - CPN selected for project level
2025-06-26 16:03:59,812 [INFO] CADModel:114 - Register for checkConnection events
2025-06-26 16:03:59,847 [INFO] IPUIPlugin:80 - create IPUIPlugin
2025-06-26 16:03:59,848 [INFO] PluginManager:220 - loadIPPluginJar : add adc
2025-06-26 16:03:59,901 [INFO] IPUIPlugin:80 - create IPUIPlugin
2025-06-26 16:03:59,901 [INFO] PluginManager:220 - loadIPPluginJar : add aes
2025-06-26 16:03:59,965 [INFO] IPUIPlugin:80 - create IPUIPlugin
2025-06-26 16:03:59,965 [INFO] PluginManager:220 - loadIPPluginJar : add can
2025-06-26 16:04:00,005 [INFO] IPUIPlugin:80 - create IPUIPlugin
2025-06-26 16:04:00,006 [INFO] PluginManager:220 - loadIPPluginJar : add comp
2025-06-26 16:04:00,064 [INFO] IPUIPlugin:80 - create IPUIPlugin
2025-06-26 16:04:00,065 [INFO] PluginManager:220 - loadIPPluginJar : add cryp
2025-06-26 16:04:00,081 [INFO] IPUIPlugin:80 - create IPUIPlugin
2025-06-26 16:04:00,081 [INFO] PluginManager:220 - loadIPPluginJar : add ddr_ctrl_phy
2025-06-26 16:04:00,128 [INFO] IPUIPlugin:80 - create IPUIPlugin
2025-06-26 16:04:00,128 [INFO] PluginManager:220 - loadIPPluginJar : add dfsdm
2025-06-26 16:04:00,147 [INFO] IPUIPlugin:80 - create IPUIPlugin
2025-06-26 16:04:00,147 [INFO] PluginManager:220 - loadIPPluginJar : add dma
2025-06-26 16:04:00,216 [INFO] IPUIPlugin:80 - create IPUIPlugin
2025-06-26 16:04:00,217 [INFO] PluginManager:220 - loadIPPluginJar : add dma3
2025-06-26 16:04:00,300 [INFO] IPUIPlugin:80 - create IPUIPlugin
2025-06-26 16:04:00,300 [INFO] PluginManager:220 - loadIPPluginJar : add extmemmanager
2025-06-26 16:04:00,334 [INFO] IPUIPlugin:80 - create IPUIPlugin
2025-06-26 16:04:00,334 [INFO] PluginManager:220 - loadIPPluginJar : add fatfs
2025-06-26 16:04:00,427 [INFO] IPUIPlugin:80 - create IPUIPlugin
2025-06-26 16:04:00,427 [INFO] PluginManager:220 - loadIPPluginJar : add fmc
2025-06-26 16:04:00,452 [INFO] IPUIPlugin:80 - create IPUIPlugin
2025-06-26 16:04:00,452 [INFO] PluginManager:220 - loadIPPluginJar : add freertos
2025-06-26 16:04:00,485 [INFO] IPUIPlugin:80 - create IPUIPlugin
2025-06-26 16:04:00,485 [INFO] PluginManager:220 - loadIPPluginJar : add genericplugin
2025-06-26 16:04:00,644 [INFO] IPUIPlugin:80 - create IPUIPlugin
2025-06-26 16:04:00,644 [INFO] PluginManager:220 - loadIPPluginJar : add gfxmmu
2025-06-26 16:04:00,869 [INFO] IPUIPlugin:80 - create IPUIPlugin
2025-06-26 16:04:00,869 [INFO] PluginManager:220 - loadIPPluginJar : add gic
2025-06-26 16:04:00,888 [INFO] IPUIPlugin:80 - create IPUIPlugin
2025-06-26 16:04:00,888 [INFO] PluginManager:220 - loadIPPluginJar : add gpio
2025-06-26 16:04:01,031 [INFO] IPUIPlugin:80 - create IPUIPlugin
2025-06-26 16:04:01,031 [INFO] PluginManager:220 - loadIPPluginJar : add gtzc
2025-06-26 16:04:01,081 [INFO] IPUIPlugin:80 - create IPUIPlugin
2025-06-26 16:04:01,081 [INFO] PluginManager:220 - loadIPPluginJar : add hash
2025-06-26 16:04:01,164 [INFO] IPUIPlugin:80 - create IPUIPlugin
2025-06-26 16:04:01,164 [INFO] PluginManager:220 - loadIPPluginJar : add i2c
2025-06-26 16:04:01,235 [INFO] IPUIPlugin:80 - create IPUIPlugin
2025-06-26 16:04:01,235 [INFO] PluginManager:220 - loadIPPluginJar : add i2s
2025-06-26 16:04:01,296 [INFO] IPUIPlugin:80 - create IPUIPlugin
2025-06-26 16:04:01,296 [INFO] PluginManager:220 - loadIPPluginJar : add i3c
2025-06-26 16:04:01,461 [INFO] IPUIPlugin:80 - create IPUIPlugin
2025-06-26 16:04:01,461 [INFO] PluginManager:220 - loadIPPluginJar : add ipddr
2025-06-26 16:04:01,622 [INFO] IPUIPlugin:80 - create IPUIPlugin
2025-06-26 16:04:01,623 [INFO] PluginManager:220 - loadIPPluginJar : add linkedlist
2025-06-26 16:04:01,684 [INFO] IPUIPlugin:80 - create IPUIPlugin
2025-06-26 16:04:01,684 [INFO] PluginManager:220 - loadIPPluginJar : add lorawan
2025-06-26 16:04:01,753 [INFO] IPUIPlugin:80 - create IPUIPlugin
2025-06-26 16:04:01,753 [INFO] PluginManager:220 - loadIPPluginJar : add ltdc
2025-06-26 16:04:01,770 [INFO] IPUIPlugin:80 - create IPUIPlugin
2025-06-26 16:04:01,770 [INFO] PluginManager:220 - loadIPPluginJar : add mdma
2025-06-26 16:04:01,787 [INFO] IPUIPlugin:80 - create IPUIPlugin
2025-06-26 16:04:01,787 [INFO] PluginManager:220 - loadIPPluginJar : add nvic
2025-06-26 16:04:01,839 [INFO] IPUIPlugin:80 - create IPUIPlugin
2025-06-26 16:04:01,839 [INFO] PluginManager:220 - loadIPPluginJar : add opamp
2025-06-26 16:04:01,922 [INFO] IPUIPlugin:80 - create IPUIPlugin
2025-06-26 16:04:01,922 [INFO] PluginManager:220 - loadIPPluginJar : add openamp
2025-06-26 16:04:01,981 [INFO] IPUIPlugin:80 - create IPUIPlugin
2025-06-26 16:04:01,981 [INFO] PluginManager:220 - loadIPPluginJar : add pdm2pcm
2025-06-26 16:04:01,998 [INFO] IPUIPlugin:80 - create IPUIPlugin
2025-06-26 16:04:02,001 [INFO] PluginManager:220 - loadIPPluginJar : add plateformsettings
2025-06-26 16:04:02,033 [INFO] IPUIPlugin:80 - create IPUIPlugin
2025-06-26 16:04:02,033 [INFO] PluginManager:220 - loadIPPluginJar : add quadspi
2025-06-26 16:04:02,069 [INFO] IPUIPlugin:80 - create IPUIPlugin
2025-06-26 16:04:02,070 [INFO] PluginManager:220 - loadIPPluginJar : add radio
2025-06-26 16:04:02,074 [INFO] ThirdPartyUpdaterWithRetryManager:70 - Updater plugin not ready yet. [2/15]
2025-06-26 16:04:02,086 [INFO] IPUIPlugin:80 - create IPUIPlugin
2025-06-26 16:04:02,086 [INFO] PluginManager:220 - loadIPPluginJar : add resmgrutility
2025-06-26 16:04:02,151 [INFO] IPUIPlugin:80 - create IPUIPlugin
2025-06-26 16:04:02,151 [INFO] PluginManager:220 - loadIPPluginJar : add sai
2025-06-26 16:04:02,203 [INFO] IPUIPlugin:80 - create IPUIPlugin
2025-06-26 16:04:02,204 [INFO] PluginManager:220 - loadIPPluginJar : add spi
2025-06-26 16:04:02,308 [INFO] IPUIPlugin:80 - create IPUIPlugin
2025-06-26 16:04:02,308 [INFO] PluginManager:220 - loadIPPluginJar : add stm32_wpan
2025-06-26 16:04:02,346 [INFO] IPUIPlugin:80 - create IPUIPlugin
2025-06-26 16:04:02,346 [INFO] PluginManager:220 - loadIPPluginJar : add tim
2025-06-26 16:04:02,446 [INFO] IPUIPlugin:80 - create IPUIPlugin
2025-06-26 16:04:02,447 [INFO] PluginManager:220 - loadIPPluginJar : add touchsensing
2025-06-26 16:04:02,479 [INFO] IPUIPlugin:80 - create IPUIPlugin
2025-06-26 16:04:02,480 [INFO] PluginManager:220 - loadIPPluginJar : add tracer_emb
2025-06-26 16:04:02,515 [INFO] IPUIPlugin:80 - create IPUIPlugin
2025-06-26 16:04:02,515 [INFO] PluginManager:220 - loadIPPluginJar : add ts
2025-06-26 16:04:02,549 [INFO] IPUIPlugin:80 - create IPUIPlugin
2025-06-26 16:04:02,549 [INFO] PluginManager:220 - loadIPPluginJar : add tsc
2025-06-26 16:04:02,582 [INFO] IPUIPlugin:80 - create IPUIPlugin
2025-06-26 16:04:02,582 [INFO] PluginManager:220 - loadIPPluginJar : add ucpd
2025-06-26 16:04:02,649 [INFO] IPUIPlugin:80 - create IPUIPlugin
2025-06-26 16:04:02,649 [INFO] PluginManager:220 - loadIPPluginJar : add usart
2025-06-26 16:04:02,719 [INFO] IPUIPlugin:80 - create IPUIPlugin
2025-06-26 16:04:02,719 [INFO] PluginManager:220 - loadIPPluginJar : add usbx
2025-06-26 16:04:02,844 [INFO] CADModel:165 - CPN selected for project level
2025-06-26 16:04:02,844 [INFO] CADModel:114 - Register for checkConnection events
2025-06-26 16:04:02,845 [FATAL] Updater:334 - Updater called before beeing initialized
2025-06-26 16:04:02,845 [ERROR] CADModel:125 - Updater not yet initialized, retry later 
2025-06-26 16:04:02,964 [INFO] CADModel:165 - CPN selected for project level
2025-06-26 16:04:02,964 [INFO] CADModel:114 - Register for checkConnection events
2025-06-26 16:04:02,964 [FATAL] Updater:334 - Updater called before beeing initialized
2025-06-26 16:04:02,964 [ERROR] CADModel:125 - Updater not yet initialized, retry later 
2025-06-26 16:04:02,967 [FATAL] Updater:334 - Updater called before beeing initialized
2025-06-26 16:04:03,091 [FATAL] Updater:334 - Updater called before beeing initialized
2025-06-26 16:04:03,107 [INFO] DbMcusAds:53 - JSON generation date=Wed May 07 11:07:55 CEST 2025 (1746608875679)
2025-06-26 16:04:03,107 [FATAL] Updater:334 - Updater called before beeing initialized
2025-06-26 16:04:03,157 [WARN] DetailPanel:346 - Failed to get advertising image, set to default
2025-06-26 16:04:03,261 [FATAL] Updater:334 - Updater called before beeing initialized
2025-06-26 16:04:03,262 [FATAL] Updater:334 - Updater called before beeing initialized
2025-06-26 16:04:03,262 [FATAL] Updater:334 - Updater called before beeing initialized
2025-06-26 16:04:03,262 [WARN] DetailPanel:346 - Failed to get advertising image, set to default
2025-06-26 16:04:03,263 [FATAL] Updater:334 - Updater called before beeing initialized
2025-06-26 16:04:03,333 [ERROR] Updater:1164 - MainUpdater not yet initialized. External WinMGr cannot be set.
2025-06-26 16:04:03,345 [INFO] Updater:1100 - Updater Version found : 6.12.1
2025-06-26 16:04:03,361 [INFO] ApplicationProperties:184 - Using Application install path: C:\ST\STM32CubeIDE_1.16.1\STM32CubeIDE\plugins\com.st.stm32cube.common.mx_6.12.1.202409122256
2025-06-26 16:04:03,734 [INFO] MainUpdater:2873 - connection check result : 10
2025-06-26 16:04:03,735 [INFO] MainUpdater:290 - Updater Check For Update Now.
2025-06-26 16:04:03,735 [INFO] MicroXplorer:498 - Change Database Version : DB.6.0.121
2025-06-26 16:04:03,764 [INFO] McuFinderGlobals:63 - Set McuFinder mode to 2 (CubeIDE integrated)
2025-06-26 16:04:03,779 [INFO] UserAuth:417 - Internet connection configuration mode: 1
2025-06-26 16:04:03,831 [INFO] JxBrowserEngine:152 - Initiate JxBrowser Engine with user profile folder
2025-06-26 16:04:04,052 [INFO] CheckServerUpdateThread:120 - End of CheckServer Thread
2025-06-26 16:04:05,422 [WARN] PackLoader:240 - Cannot read IP mode file for STMicroelectronics.FP-SNS-MOTENVWB1.1.4.0
2025-06-26 16:04:05,443 [WARN] PackLoader:240 - Cannot read IP mode file for STMicroelectronics.FP-ATR-ASTRA1.2.0.2
2025-06-26 16:04:05,459 [WARN] PackLoader:240 - Cannot read IP mode file for STMicroelectronics.FP-ATR-ASTRA1.2.0.1
2025-06-26 16:04:05,482 [WARN] PackLoader:240 - Cannot read IP mode file for STMicroelectronics.X-CUBE-SMBUS.2.1.0
2025-06-26 16:04:05,502 [WARN] PackLoader:240 - Cannot read IP mode file for STMicroelectronics.X-CUBE-WB05N.1.1.0
2025-06-26 16:04:05,523 [ERROR] Engine:466 - C:\Users\LENOVO\.stm32cubemx\thirdparties\pdsc\STMicroelectronics.X-CUBE-ST60.1.0.0.pdsc: PDSC version is not supported
2025-06-26 16:04:05,583 [WARN] PackLoader:240 - Cannot read IP mode file for STMicroelectronics.X-CUBE-AZRTOS-F7.1.1.0
2025-06-26 16:04:05,716 [WARN] PackLoader:240 - Cannot read IP mode file for STMicroelectronics.X-CUBE-MEMS1.11.0.0
2025-06-26 16:04:06,030 [WARN] PackLoader:240 - Cannot read IP mode file for STMicroelectronics.X-CUBE-BLE1.6.2.4
2025-06-26 16:04:06,051 [WARN] PackLoader:240 - Cannot read IP mode file for STMicroelectronics.FP-SNS-FLIGHT1.5.0.2
2025-06-26 16:04:06,077 [WARN] PackLoader:240 - Cannot read IP mode file for STMicroelectronics.X-CUBE-DISPLAY.3.0.0
2025-06-26 16:04:06,107 [WARN] PackLoader:240 - Cannot read IP mode file for STMicroelectronics.X-CUBE-BLE1.7.0.0
2025-06-26 16:04:06,134 [WARN] PackLoader:240 - Cannot read IP mode file for STMicroelectronics.X-CUBE-NFC10.1.0.0
2025-06-26 16:04:06,168 [WARN] PackLoader:240 - Cannot read IP mode file for STMicroelectronics.X-CUBE-BLEMGR.4.0.0
2025-06-26 16:04:06,202 [WARN] PackLoader:240 - Cannot read IP mode file for STMicroelectronics.X-CUBE-BLEMGR.3.1.0
2025-06-26 16:04:06,225 [WARN] PackLoader:240 - Cannot read IP mode file for STMicroelectronics.X-CUBE-AI.10.0.0
2025-06-26 16:04:06,248 [WARN] PackLoader:240 - Cannot read IP mode file for STMicroelectronics.FP-SNS-SMARTAG2.1.2.0
2025-06-26 16:04:06,270 [ERROR] Engine:466 - C:\Users\LENOVO\.stm32cubemx\thirdparties\pdsc\STMicroelectronics.FP-SNS-FLIGHT1.5.1.0.pdsc: PDSC version is not supported
2025-06-26 16:04:06,391 [WARN] PackLoader:240 - Cannot read IP mode file for STMicroelectronics.X-CUBE-MEMS1.11.1.0
2025-06-26 16:04:06,674 [INFO] LogOutputStream:77 - [STDOUT_REDIRECT] 1 : Invalid condition id : UX_CORESTACK_Condition cause : null
2025-06-26 16:04:06,675 [INFO] LogOutputStream:77 - [STDOUT_REDIRECT] 1 : Invalid condition id : UX_CORESTACK_Condition cause : null
2025-06-26 16:04:06,680 [INFO] LogOutputStream:77 - [STDOUT_REDIRECT] 1 : Invalid condition id : UX_CORESTACK_Condition cause : null
2025-06-26 16:04:06,683 [INFO] LogOutputStream:77 - [STDOUT_REDIRECT] 1 : Invalid condition id : UX_CORESTACK_Condition cause : null
2025-06-26 16:04:06,685 [INFO] LogOutputStream:77 - [STDOUT_REDIRECT] 1 : Invalid condition id : UX_CORESTACK_Condition cause : null
2025-06-26 16:04:06,691 [WARN] PackLoader:240 - Cannot read IP mode file for STMicroelectronics.X-CUBE-AZRTOS-WL.2.0.0
2025-06-26 16:04:06,724 [WARN] PackLoader:240 - Cannot read IP mode file for STMicroelectronics.FP-SNS-MOTENV1.5.0.0
2025-06-26 16:04:06,753 [WARN] PackLoader:240 - Cannot read IP mode file for wolfSSL.I-CUBE-wolfMQTT.1.19.0
2025-06-26 16:04:06,801 [WARN] PackLoader:240 - Cannot read IP mode file for WES.I-CUBE-Cesium.1.3.0
2025-06-26 16:04:06,831 [WARN] PackLoader:240 - Cannot read IP mode file for STMicroelectronics.X-CUBE-BLE2.3.3.0
2025-06-26 16:04:06,864 [WARN] PackLoader:240 - Cannot read IP mode file for STMicroelectronics.X-CUBE-DISPLAY.2.2.0
2025-06-26 16:04:06,923 [WARN] PackLoader:240 - Cannot read IP mode file for STMicroelectronics.X-CUBE-TOF1.3.2.0
2025-06-26 16:04:06,974 [WARN] PackLoader:240 - Cannot read IP mode file for STMicroelectronics.X-CUBE-NFC9.1.0.0
2025-06-26 16:04:07,014 [WARN] PackLoader:240 - Cannot read IP mode file for STMicroelectronics.X-CUBE-BLE1.7.1.0
2025-06-26 16:04:07,044 [WARN] PackLoader:240 - Cannot read IP mode file for STMicroelectronics.X-CUBE-TCPP.4.1.0
2025-06-26 16:04:07,089 [WARN] PackLoader:240 - Cannot read IP mode file for STMicroelectronics.X-CUBE-TOUCHGFX.4.21.0
2025-06-26 16:04:07,234 [WARN] PackLoader:240 - Cannot read IP mode file for STMicroelectronics.X-CUBE-MEMS1.9.4.0
2025-06-26 16:04:07,317 [INFO] WebApp:167 - Instantiating new browser for Auth
2025-06-26 16:04:07,564 [WARN] PackLoader:240 - Cannot read IP mode file for STMicroelectronics.X-CUBE-AI.7.3.0
2025-06-26 16:04:07,587 [WARN] PackLoader:240 - Cannot read IP mode file for STMicroelectronics.X-CUBE-AI.10.1.0
2025-06-26 16:04:07,615 [WARN] PackLoader:240 - Cannot read IP mode file for STMicroelectronics.X-CUBE-ALGOBUILD.1.3.0
2025-06-26 16:04:07,744 [WARN] PackLoader:240 - Cannot read IP mode file for STMicroelectronics.X-CUBE-MEMS1.11.2.0
2025-06-26 16:04:07,994 [WARN] PackLoader:240 - Cannot read IP mode file for STMicroelectronics.X-CUBE-AZRTOS-G0.1.1.0
2025-06-26 16:04:08,017 [WARN] PackLoader:240 - Cannot read IP mode file for STMicroelectronics.X-CUBE-SAFEA1.1.2.2
2025-06-26 16:04:08,039 [WARN] PackLoader:240 - Cannot read IP mode file for STMicroelectronics.X-CUBE-NFC4.3.0.0
2025-06-26 16:04:08,071 [WARN] PackLoader:240 - Cannot read IP mode file for EmbeddedOffice.I-CUBE-FS-RTOS.1.0.1
2025-06-26 16:04:08,072 [ERROR] ConditionMgr:805 - Attr not supported : Dmpu
2025-06-26 16:04:08,072 [ERROR] ConditionMgr:805 - Attr not supported : Dmpu
2025-06-26 16:04:08,073 [ERROR] ConditionMgr:805 - Attr not supported : Dmpu
2025-06-26 16:04:08,073 [ERROR] ConditionMgr:805 - Attr not supported : Dmpu
2025-06-26 16:04:08,073 [ERROR] ConditionMgr:805 - Attr not supported : Dmpu
2025-06-26 16:04:08,073 [ERROR] ConditionMgr:805 - Attr not supported : Dmpu
2025-06-26 16:04:08,074 [ERROR] ConditionMgr:805 - Attr not supported : Dmpu
2025-06-26 16:04:08,074 [ERROR] ConditionMgr:805 - Attr not supported : Dmpu
2025-06-26 16:04:08,074 [ERROR] ConditionMgr:805 - Attr not supported : Dmpu
2025-06-26 16:04:08,074 [ERROR] ConditionMgr:805 - Attr not supported : Dmpu
2025-06-26 16:04:08,074 [ERROR] ConditionMgr:805 - Attr not supported : Dmpu
2025-06-26 16:04:08,074 [ERROR] ConditionMgr:805 - Attr not supported : Dmpu
2025-06-26 16:04:08,074 [ERROR] ConditionMgr:805 - Attr not supported : Dmpu
2025-06-26 16:04:08,075 [ERROR] ConditionMgr:805 - Attr not supported : Dmpu
2025-06-26 16:04:08,075 [ERROR] ConditionMgr:805 - Attr not supported : Dmpu
2025-06-26 16:04:08,075 [ERROR] ConditionMgr:805 - Attr not supported : Dmpu
2025-06-26 16:04:08,075 [ERROR] ConditionMgr:805 - Attr not supported : Dmpu
2025-06-26 16:04:08,075 [ERROR] ConditionMgr:805 - Attr not supported : Dmpu
2025-06-26 16:04:08,075 [ERROR] ConditionMgr:805 - Attr not supported : Dmpu
2025-06-26 16:04:08,075 [ERROR] ConditionMgr:805 - Attr not supported : Dmpu
2025-06-26 16:04:08,075 [ERROR] ConditionMgr:805 - Attr not supported : Dmpu
2025-06-26 16:04:08,076 [ERROR] ConditionMgr:805 - Attr not supported : Dmpu
2025-06-26 16:04:08,076 [ERROR] ConditionMgr:805 - Attr not supported : Dmpu
2025-06-26 16:04:08,076 [ERROR] ConditionMgr:805 - Attr not supported : Dmpu
2025-06-26 16:04:08,076 [ERROR] ConditionMgr:805 - Attr not supported : Dmpu
2025-06-26 16:04:08,076 [ERROR] ConditionMgr:805 - Attr not supported : Dmpu
2025-06-26 16:04:08,076 [ERROR] ConditionMgr:805 - Attr not supported : Dmpu
2025-06-26 16:04:08,076 [ERROR] ConditionMgr:805 - Attr not supported : Dmpu
2025-06-26 16:04:08,076 [ERROR] ConditionMgr:805 - Attr not supported : Dmpu
2025-06-26 16:04:08,077 [ERROR] ConditionMgr:805 - Attr not supported : Dmpu
2025-06-26 16:04:08,077 [ERROR] ConditionMgr:805 - Attr not supported : Dmpu
2025-06-26 16:04:08,077 [ERROR] ConditionMgr:805 - Attr not supported : Dmpu
2025-06-26 16:04:08,077 [ERROR] ConditionMgr:805 - Attr not supported : Dmpu
2025-06-26 16:04:08,077 [ERROR] ConditionMgr:805 - Attr not supported : Dmpu
2025-06-26 16:04:08,077 [ERROR] ConditionMgr:805 - Attr not supported : Dmpu
2025-06-26 16:04:08,077 [ERROR] ConditionMgr:805 - Attr not supported : Dmpu
2025-06-26 16:04:08,077 [ERROR] ConditionMgr:805 - Attr not supported : Dmpu
2025-06-26 16:04:08,078 [ERROR] ConditionMgr:805 - Attr not supported : Dmpu
2025-06-26 16:04:08,078 [ERROR] ConditionMgr:805 - Attr not supported : Dmpu
2025-06-26 16:04:08,078 [ERROR] ConditionMgr:805 - Attr not supported : Dmpu
2025-06-26 16:04:08,078 [ERROR] ConditionMgr:805 - Attr not supported : Dmpu
2025-06-26 16:04:08,078 [ERROR] ConditionMgr:805 - Attr not supported : Dmpu
2025-06-26 16:04:08,078 [ERROR] ConditionMgr:805 - Attr not supported : Dmpu
2025-06-26 16:04:08,078 [ERROR] ConditionMgr:805 - Attr not supported : Dmpu
2025-06-26 16:04:08,078 [ERROR] ConditionMgr:805 - Attr not supported : Dmpu
2025-06-26 16:04:08,079 [ERROR] ConditionMgr:805 - Attr not supported : Dmpu
2025-06-26 16:04:08,079 [ERROR] ConditionMgr:805 - Attr not supported : Dmpu
2025-06-26 16:04:08,079 [ERROR] ConditionMgr:805 - Attr not supported : Dmpu
2025-06-26 16:04:08,079 [ERROR] ConditionMgr:805 - Attr not supported : Dmpu
2025-06-26 16:04:08,079 [ERROR] ConditionMgr:805 - Attr not supported : Dmpu
2025-06-26 16:04:08,079 [ERROR] ConditionMgr:805 - Attr not supported : Dmpu
2025-06-26 16:04:08,079 [ERROR] ConditionMgr:805 - Attr not supported : Dmpu
2025-06-26 16:04:08,079 [ERROR] ConditionMgr:805 - Attr not supported : Dmpu
2025-06-26 16:04:08,080 [ERROR] ConditionMgr:805 - Attr not supported : Dmpu
2025-06-26 16:04:08,080 [ERROR] ConditionMgr:805 - Attr not supported : Dmpu
2025-06-26 16:04:08,080 [ERROR] ConditionMgr:805 - Attr not supported : Dmpu
2025-06-26 16:04:08,080 [ERROR] ConditionMgr:805 - Attr not supported : Dmpu
2025-06-26 16:04:08,080 [ERROR] ConditionMgr:805 - Attr not supported : Dmpu
2025-06-26 16:04:08,080 [ERROR] ConditionMgr:805 - Attr not supported : Dmpu
2025-06-26 16:04:08,080 [ERROR] ConditionMgr:805 - Attr not supported : Dmpu
2025-06-26 16:04:08,080 [ERROR] ConditionMgr:805 - Attr not supported : Dmpu
2025-06-26 16:04:08,081 [ERROR] ConditionMgr:805 - Attr not supported : Dmpu
2025-06-26 16:04:08,081 [ERROR] ConditionMgr:805 - Attr not supported : Dmpu
2025-06-26 16:04:08,081 [ERROR] ConditionMgr:805 - Attr not supported : Dmpu
2025-06-26 16:04:08,110 [WARN] PackLoader:240 - Cannot read IP mode file for STMicroelectronics.X-CUBE-WB05N.2.0.0
2025-06-26 16:04:08,141 [WARN] PackLoader:240 - Cannot read IP mode file for STMicroelectronics.X-CUBE-BLEMGR.1.3.0
2025-06-26 16:04:08,167 [ERROR] Engine:466 - C:\Users\LENOVO\.stm32cubemx\thirdparties\pdsc\STMicroelectronics.X-CUBE-TCPP.4.2.0.pdsc: PDSC version is not supported
2025-06-26 16:04:08,209 [WARN] PackLoader:240 - Cannot read IP mode file for RealThread.X-CUBE-RT-Thread_Nano.4.1.1
2025-06-26 16:04:08,236 [WARN] PackLoader:240 - Cannot read IP mode file for STMicroelectronics.FP-ATR-SIGFOX1.3.2.0
2025-06-26 16:04:08,259 [WARN] ConditionMgr:438 - getConditionDescription Invalid condition id : Cortex-A Device cause : null
2025-06-26 16:04:08,291 [WARN] ConditionMgr:1039 - genDependencies : Invalid condition id : Cortex-A Device cause : null
2025-06-26 16:04:08,292 [WARN] ConditionMgr:1039 - genDependencies : Invalid condition id : Cortex-A Device cause : null
2025-06-26 16:04:08,292 [WARN] ConditionMgr:1039 - genDependencies : Invalid condition id : Cortex-A Device cause : null
2025-06-26 16:04:08,313 [WARN] PackLoader:240 - Cannot read IP mode file for STMicroelectronics.X-CUBE-EEPRMA1.5.1.0
2025-06-26 16:04:08,334 [WARN] PackLoader:240 - Cannot read IP mode file for STMicroelectronics.X-CUBE-TOUCHGFX.4.20.0
2025-06-26 16:04:08,361 [WARN] PackLoader:240 - Cannot read IP mode file for ITTIA_DB.I-CUBE-ITTIADB.8.9.0
2025-06-26 16:04:08,384 [ERROR] Engine:466 - C:\Users\LENOVO\.stm32cubemx\thirdparties\pdsc\STMicroelectronics.X-CUBE-ST67W61.1.0.0.pdsc: PDSC version is not supported
2025-06-26 16:04:08,471 [WARN] PackLoader:240 - Cannot read IP mode file for SEGGER.I-CUBE-embOS.1.3.1
2025-06-26 16:04:08,587 [WARN] PackLoader:240 - Cannot read IP mode file for STMicroelectronics.X-CUBE-ALGOBUILD.1.4.0
2025-06-26 16:04:08,708 [WARN] PackLoader:240 - Cannot read IP mode file for STMicroelectronics.X-CUBE-MEMS1.11.3.0
2025-06-26 16:04:08,975 [INFO] WebApp:448 - Apply proxy settings
2025-06-26 16:04:08,976 [INFO] WebApp:533 - Chromium requires no authentication
2025-06-26 16:04:08,994 [INFO] WebApp:476 - Direct internet connection detected
2025-06-26 16:04:09,055 [INFO] WebApp:869 - Register for checkConnection events
2025-06-26 16:04:09,055 [INFO] WebApp:448 - Apply proxy settings
2025-06-26 16:04:09,055 [INFO] WebApp:533 - Chromium requires no authentication
2025-06-26 16:04:09,058 [INFO] WebApp:476 - Direct internet connection detected
2025-06-26 16:04:09,113 [WARN] PackLoader:240 - Cannot read IP mode file for SEGGER.I-CUBE-embOS.1.3.0
2025-06-26 16:04:09,211 [WARN] PackLoader:240 - Cannot read IP mode file for STMicroelectronics.X-CUBE-AI.9.1.0
2025-06-26 16:04:09,238 [WARN] PackLoader:240 - Cannot read IP mode file for STMicroelectronics.X-CUBE-PM33A1.1.0.0
2025-06-26 16:04:09,268 [WARN] PackLoader:240 - Cannot read IP mode file for STMicroelectronics.X-CUBE-GNSS1.6.0.0
2025-06-26 16:04:09,317 [INFO] WebApp:186 - Connection restablished
2025-06-26 16:04:09,327 [WARN] PackLoader:240 - Cannot read IP mode file for STMicroelectronics.X-CUBE-AZRTOS-F4.1.1.0
2025-06-26 16:04:09,357 [ERROR] Engine:466 - C:\Users\LENOVO\.stm32cubemx\thirdparties\pdsc\Avnet-IotConnect.X-CUBE-IoTC-DA16k-PMOD.1.0.0.pdsc: PDSC version is not supported
2025-06-26 16:04:09,384 [WARN] PackLoader:240 - Cannot read IP mode file for STMicroelectronics.X-CUBE-ISPU.2.1.0
2025-06-26 16:04:09,416 [WARN] PackLoader:240 - Cannot read IP mode file for STMicroelectronics.X-CUBE-FREERTOS.1.2.0
2025-06-26 16:04:09,457 [INFO] WebApp:220 - Starting web application
2025-06-26 16:04:09,457 [INFO] WebApp:578 - Web application path used C:\ST\STM32CubeIDE_1.16.1\STM32CubeIDE\plugins\com.st.stm32cube.common.mx_6.12.1.202409122256\db\plugins\mcufinder\reactClient1\index.html
2025-06-26 16:04:09,473 [WARN] PackLoader:240 - Cannot read IP mode file for STMicroelectronics.X-CUBE-AZRTOS-L5.2.0.0
2025-06-26 16:04:09,509 [WARN] PackLoader:240 - Cannot read IP mode file for STMicroelectronics.X-CUBE-NFC6.3.1.0
2025-06-26 16:04:09,631 [WARN] PackLoader:240 - Cannot read IP mode file for emotas.I-CUBE-CANOPEN.1.1.3
2025-06-26 16:04:09,683 [WARN] PackLoader:240 - Cannot read IP mode file for STMicroelectronics.X-CUBE-DPower.1.2.0
2025-06-26 16:04:09,718 [WARN] PackLoader:240 - Cannot read IP mode file for STMicroelectronics.X-CUBE-NFC4.2.0.5
2025-06-26 16:04:09,747 [WARN] PackLoader:240 - Cannot read IP mode file for wolfSSL.I-CUBE-wolfSSL.5.5.3
2025-06-26 16:04:09,777 [WARN] PackLoader:240 - Cannot read IP mode file for STMicroelectronics.X-CUBE-FREERTOS.1.3.1
2025-06-26 16:04:09,805 [WARN] PackLoader:240 - Cannot read IP mode file for STMicroelectronics.X-CUBE-FREERTOS.1.3.0
2025-06-26 16:04:09,832 [WARN] PackLoader:240 - Cannot read IP mode file for STMicroelectronics.X-CUBE-NFC7.1.0.1
2025-06-26 16:04:09,860 [WARN] PackLoader:240 - Cannot read IP mode file for STMicroelectronics.X-CUBE-NFC7.1.0.0
2025-06-26 16:04:09,890 [WARN] PackLoader:240 - Cannot read IP mode file for STMicroelectronics.X-CUBE-EEPRMA1.4.1.0
2025-06-26 16:04:09,917 [ERROR] Engine:466 - C:\Users\LENOVO\.stm32cubemx\thirdparties\pdsc\STMicroelectronics.FP-SNS-STAIOTCFT.1.0.0.pdsc: PDSC version is not supported
2025-06-26 16:04:09,932 [INFO] UserAuth:417 - Internet connection configuration mode: 1
2025-06-26 16:04:09,945 [WARN] PackLoader:240 - Cannot read IP mode file for STMicroelectronics.X-CUBE-DPower.1.3.0
2025-06-26 16:04:10,008 [WARN] ConditionMgr:438 - getConditionDescription Invalid condition id : LAN8742 Phy interface Condition cause : null
2025-06-26 16:04:10,024 [WARN] PackLoader:240 - Cannot read IP mode file for STMicroelectronics.X-CUBE-AZRTOS-L4.2.0.0
2025-06-26 16:04:10,048 [WARN] ConditionMgr:1039 - genDependencies : Invalid condition id : LAN8742 Phy interface Condition cause : null
2025-06-26 16:04:10,048 [WARN] ConditionMgr:1039 - genDependencies : Invalid condition id : LAN8742 Phy interface Condition cause : null
2025-06-26 16:04:10,049 [WARN] ConditionMgr:1039 - genDependencies : Invalid condition id : LAN8742 Phy interface Condition cause : null
2025-06-26 16:04:10,184 [WARN] PackLoader:240 - Cannot read IP mode file for STMicroelectronics.X-CUBE-SFXS2LP1.4.0.0
2025-06-26 16:04:10,255 [WARN] PackLoader:240 - Cannot read IP mode file for STMicroelectronics.X-CUBE-AZRTOS-H7.3.0.0
2025-06-26 16:04:10,290 [WARN] PackLoader:240 - Cannot read IP mode file for STMicroelectronics.X-CUBE-ISPU.1.1.0
2025-06-26 16:04:10,376 [WARN] PackLoader:240 - Cannot read IP mode file for STMicroelectronics.X-CUBE-AZRTOS-H7.3.3.0
2025-06-26 16:04:10,422 [WARN] PackLoader:240 - Cannot read IP mode file for RoweBots.I-CUBE-UNISONRTOS.5.5.0-4
2025-06-26 16:04:10,459 [WARN] PackLoader:240 - Cannot read IP mode file for STMicroelectronics.X-CUBE-IPS.3.0.0
2025-06-26 16:04:10,515 [WARN] ConditionMgr:438 - getConditionDescription Invalid condition id : UX DEVICE CLASS RTOS Condition cause : null
2025-06-26 16:04:10,516 [WARN] ConditionMgr:438 - getConditionDescription Invalid condition id : UX DEVICE CLASS RTOS Condition cause : null
2025-06-26 16:04:10,519 [WARN] PackLoader:240 - Cannot read IP mode file for STMicroelectronics.X-CUBE-AZRTOS-WB.2.0.0
2025-06-26 16:04:10,521 [WARN] ConditionMgr:1039 - genDependencies : Invalid condition id : UX DEVICE CLASS RTOS Condition cause : null
2025-06-26 16:04:10,521 [WARN] ConditionMgr:1039 - genDependencies : Invalid condition id : UX DEVICE CLASS RTOS Condition cause : null
2025-06-26 16:04:10,521 [WARN] ConditionMgr:1039 - genDependencies : Invalid condition id : UX DEVICE CLASS RTOS Condition cause : null
2025-06-26 16:04:10,522 [WARN] ConditionMgr:1039 - genDependencies : Invalid condition id : UX DEVICE CLASS RTOS Condition cause : null
2025-06-26 16:04:10,522 [WARN] ConditionMgr:1039 - genDependencies : Invalid condition id : UX DEVICE CLASS RTOS Condition cause : null
2025-06-26 16:04:10,554 [WARN] PackLoader:240 - Cannot read IP mode file for STMicroelectronics.X-CUBE-GNSS1.7.0.0
2025-06-26 16:04:10,591 [WARN] PackLoader:240 - Cannot read IP mode file for STMicroelectronics.X-CUBE-GNSS1.7.0.1
2025-06-26 16:04:10,622 [WARN] PackLoader:240 - Cannot read IP mode file for STMicroelectronics.X-CUBE-TOUCHGFX.4.25.0
2025-06-26 16:04:10,662 [WARN] PackLoader:240 - Cannot read IP mode file for STMicroelectronics.FP-SNS-STBOX1.2.0.0
2025-06-26 16:04:10,716 [WARN] PackLoader:240 - Cannot read IP mode file for STMicroelectronics.X-CUBE-AZRTOS-L5.1.1.0
2025-06-26 16:04:10,757 [WARN] PackLoader:240 - Cannot read IP mode file for STMicroelectronics.X-CUBE-SUBG2.5.0.0
2025-06-26 16:04:10,816 [WARN] PackLoader:240 - Cannot read IP mode file for STMicroelectronics.X-CUBE-AZRTOS-H7RS.1.1.0
2025-06-26 16:04:10,843 [WARN] PackLoader:240 - Cannot read IP mode file for Cesanta.I-CUBE-Mongoose.7.13.0
2025-06-26 16:04:10,890 [WARN] PackLoader:240 - Cannot read IP mode file for STMicroelectronics.X-CUBE-AZRTOS-G4.2.0.0
2025-06-26 16:04:10,915 [WARN] PackLoader:240 - Cannot read IP mode file for STMicroelectronics.FP-ATR-ASTRA1.1.1.1
2025-06-26 16:04:10,941 [WARN] PackLoader:240 - Cannot read IP mode file for STMicroelectronics.X-CUBE-NFC7.2.0.0
2025-06-26 16:04:10,984 [WARN] PackLoader:240 - Cannot read IP mode file for STMicroelectronics.X-CUBE-AZRTOS-G4.1.0.0
2025-06-26 16:04:11,034 [WARN] PackLoader:240 - Cannot read IP mode file for STMicroelectronics.X-CUBE-AZRTOS-L4.1.0.0
2025-06-26 16:04:11,062 [ERROR] Engine:466 - C:\Users\LENOVO\.stm32cubemx\thirdparties\pdsc\STMicroelectronics.X-CUBE-IPS.3.1.0.pdsc: PDSC version is not supported
2025-06-26 16:04:11,086 [WARN] PackLoader:240 - Cannot read IP mode file for STMicroelectronics.X-CUBE-ALS.1.0.2
2025-06-26 16:04:11,108 [WARN] PackLoader:240 - Cannot read IP mode file for STMicroelectronics.X-CUBE-TOUCHGFX.4.24.2
2025-06-26 16:04:11,141 [WARN] PackLoader:240 - Cannot read IP mode file for STMicroelectronics.X-CUBE-AZRTOS-WL.1.0.0
2025-06-26 16:04:11,160 [WARN] PackLoader:240 - Cannot read IP mode file for STMicroelectronics.X-CUBE-TOUCHGFX.4.24.1
2025-06-26 16:04:11,182 [WARN] PackLoader:240 - Cannot read IP mode file for wolfSSL.I-CUBE-wolfTPM.3.4.0
2025-06-26 16:04:11,205 [WARN] PackLoader:240 - Cannot read IP mode file for portGmbH.I-Cube-SoM-uGOAL.1.1.0
2025-06-26 16:04:11,226 [WARN] PackLoader:240 - Cannot read IP mode file for STMicroelectronics.X-CUBE-ALS.1.0.1
2025-06-26 16:04:11,259 [WARN] PackLoader:240 - Cannot read IP mode file for STMicroelectronics.X-CUBE-AZRTOS-WB.1.1.0
2025-06-26 16:04:11,280 [WARN] PackLoader:240 - Cannot read IP mode file for STMicroelectronics.X-CUBE-EEPRMA1.3.1.1
2025-06-26 16:04:11,324 [WARN] PackLoader:240 - Cannot read IP mode file for STMicroelectronics.X-CUBE-AZRTOS-H7RS.1.0.0
2025-06-26 16:04:11,359 [WARN] PackLoader:240 - Cannot read IP mode file for STMicroelectronics.X-CUBE-TOF1.3.4.2
2025-06-26 16:04:11,401 [ERROR] Engine:466 - C:\Users\LENOVO\.stm32cubemx\thirdparties\pdsc\STMicroelectronics.X-CUBE-TOF1.3.4.3.pdsc: PDSC version is not supported
2025-06-26 16:04:11,443 [WARN] PackLoader:240 - Cannot read IP mode file for Infineon.AIROC-Wi-Fi-Bluetooth-STM32.1.6.1
2025-06-26 16:04:11,469 [WARN] PackLoader:240 - Cannot read IP mode file for wolfSSL.I-CUBE-wolfSSH.1.4.17
2025-06-26 16:04:11,471 [INFO] ThirdParty:978 - Integrity check success = true
2025-06-26 16:04:11,471 [INFO] IntegrityCheckThread:100 - exiting critical section [integrity check]
2025-06-26 16:04:11,471 [INFO] IntegrityCheckThread:103 - End integrity checks thread
2025-06-26 16:21:27,799 [ERROR] LogOutputStream:75 - [STDERR_REDIRECT] 
2025-06-26 16:23:37,156 [INFO] Activator:176 - 


2025-06-26 16:23:37,158 [INFO] Activator:177 - !SESSION log4j initialized
2025-06-26 16:23:41,939 [INFO] LogOutputStream:77 - [STDOUT_REDIRECT] 
2025-06-26 16:23:47,655 [INFO] ApplicationProperties:184 - Using Application install path: C:\ST\STM32CubeIDE_1.16.1\STM32CubeIDE\plugins\com.st.stm32cube.common.mx_6.12.1.202409122256
2025-06-26 16:23:47,680 [INFO] DbMcusXml:78 - Set database path to: C:\ST\STM32CubeIDE_1.16.1\STM32CubeIDE\plugins\com.st.stm32cube.common.mx_6.12.1.202409122256\\db\/mcu/
2025-06-26 16:23:47,681 [INFO] ApiDb:274 - Set plugin database path to: C:\ST\STM32CubeIDE_1.16.1\STM32CubeIDE\plugins\com.st.stm32cube.common.mx_6.12.1.202409122256\\db\/plugins/boardmanager/
2025-06-26 16:23:47,681 [WARN] ApiDb:259 - Overriding images path with different value:  => C:\ST\STM32CubeIDE_1.16.1\STM32CubeIDE\plugins\com.st.stm32cube.common.mx_6.12.1.202409122256\\db\/plugins/mcufinder/images/
2025-06-26 16:23:47,689 [INFO] ApiDb:250 - Set database path to: C:\Users\LENOVO\.stmcufinder\plugins\mcufinder//mcu/
2025-06-26 16:23:47,690 [INFO] DbMcusAds:125 - Set database path to: C:\Users\LENOVO\.stmcufinder\plugins\mcufinder//mcu/
2025-06-26 16:23:47,694 [INFO] CrossReferenceDbSqlite:203 - Set database path to: C:\Users\LENOVO\.stmcufinder\plugins\mcufinder//mcu/cs/
2025-06-26 16:23:47,872 [INFO] RulesReader:64 - Compatibility file has been processed (297 Rules)
2025-06-26 16:23:47,990 [INFO] DbMcusXml:78 - Set database path to: C:\ST\STM32CubeIDE_1.16.1\STM32CubeIDE\plugins\com.st.stm32cube.common.mx_6.12.1.202409122256\\db\/mcu/
2025-06-26 16:23:47,990 [INFO] ApiDb:274 - Set plugin database path to: C:\ST\STM32CubeIDE_1.16.1\STM32CubeIDE\plugins\com.st.stm32cube.common.mx_6.12.1.202409122256\\db\/plugins/boardmanager/
2025-06-26 16:23:47,991 [INFO] ApiDb:261 - Set plugin images path to: C:\ST\STM32CubeIDE_1.16.1\STM32CubeIDE\plugins\com.st.stm32cube.common.mx_6.12.1.202409122256\\db\/plugins/mcufinder/images/
2025-06-26 16:23:47,991 [WARN] DbFile:41 - Overriding database path with different value: C:\Users\LENOVO\.stmcufinder\plugins\mcufinder/ => C:\Users\LENOVO\.stmcufinder\plugins\mcufinder
2025-06-26 16:23:47,991 [INFO] ApiDb:250 - Set database path to: C:\Users\LENOVO\.stmcufinder\plugins\mcufinder//mcu/
2025-06-26 16:23:47,991 [WARN] DbFile:41 - Overriding database path with different value: C:\Users\LENOVO\.stmcufinder\plugins\mcufinder/ => C:\Users\LENOVO\.stmcufinder\plugins\mcufinder
2025-06-26 16:23:47,992 [INFO] DbMcusAds:125 - Set database path to: C:\Users\LENOVO\.stmcufinder\plugins\mcufinder//mcu/
2025-06-26 16:23:47,992 [WARN] DbFile:41 - Overriding database path with different value: C:\Users\LENOVO\.stmcufinder\plugins\mcufinder/ => C:\Users\LENOVO\.stmcufinder\plugins\mcufinder
2025-06-26 16:23:47,992 [WARN] DbFile:41 - Overriding database path with different value: C:\Users\LENOVO\.stmcufinder\plugins\mcufinder/ => C:\Users\LENOVO\.stmcufinder\plugins\mcufinder
2025-06-26 16:23:47,992 [INFO] CrossReferenceDbSqlite:203 - Set database path to: C:\Users\LENOVO\.stmcufinder\plugins\mcufinder//mcu/cs/
2025-06-26 16:23:48,153 [INFO] MainPanel:268 - HeapMemory: 268435456
2025-06-26 16:23:48,295 [INFO] DbMcusXml:78 - Set database path to: C:\ST\STM32CubeIDE_1.16.1\STM32CubeIDE\plugins\com.st.stm32cube.common.mx_6.12.1.202409122256\\db\/mcu/
2025-06-26 16:23:48,295 [INFO] ApiDb:274 - Set plugin database path to: C:\ST\STM32CubeIDE_1.16.1\STM32CubeIDE\plugins\com.st.stm32cube.common.mx_6.12.1.202409122256\\db\/plugins/boardmanager/
2025-06-26 16:23:48,296 [INFO] ApiDb:261 - Set plugin images path to: C:\ST\STM32CubeIDE_1.16.1\STM32CubeIDE\plugins\com.st.stm32cube.common.mx_6.12.1.202409122256\\db\/plugins/mcufinder/images/
2025-06-26 16:23:48,296 [WARN] DbFile:41 - Overriding database path with different value: C:\Users\LENOVO\.stmcufinder\plugins\mcufinder/ => C:\Users\LENOVO\.stmcufinder\plugins\mcufinder
2025-06-26 16:23:48,296 [INFO] ApiDb:250 - Set database path to: C:\Users\LENOVO\.stmcufinder\plugins\mcufinder//mcu/
2025-06-26 16:23:48,296 [WARN] DbFile:41 - Overriding database path with different value: C:\Users\LENOVO\.stmcufinder\plugins\mcufinder/ => C:\Users\LENOVO\.stmcufinder\plugins\mcufinder
2025-06-26 16:23:48,297 [INFO] DbMcusAds:125 - Set database path to: C:\Users\LENOVO\.stmcufinder\plugins\mcufinder//mcu/
2025-06-26 16:23:48,297 [WARN] DbFile:41 - Overriding database path with different value: C:\Users\LENOVO\.stmcufinder\plugins\mcufinder/ => C:\Users\LENOVO\.stmcufinder\plugins\mcufinder
2025-06-26 16:23:48,297 [WARN] DbFile:41 - Overriding database path with different value: C:\Users\LENOVO\.stmcufinder\plugins\mcufinder/ => C:\Users\LENOVO\.stmcufinder\plugins\mcufinder
2025-06-26 16:23:48,297 [INFO] CrossReferenceDbSqlite:203 - Set database path to: C:\Users\LENOVO\.stmcufinder\plugins\mcufinder//mcu/cs/
2025-06-26 16:23:48,319 [INFO] ApplicationProperties:184 - Using Application install path: C:\ST\STM32CubeIDE_1.16.1\STM32CubeIDE\plugins\com.st.stm32cube.common.mx_6.12.1.202409122256
2025-06-26 16:23:48,321 [INFO] PluginManage:196 - Search for loadable plugins [exclusion list=, ]
2025-06-26 16:23:48,323 [INFO] PluginManage:310 - Check plugin analytics
2025-06-26 16:23:53,066 [INFO] AnalyticsPlugin:253 - Accepted Software Licenses: STM32CubeMX.6.7.0
2025-06-26 16:23:53,066 [INFO] AnalyticsPlugin:255 - Accepted CMSIS Pack Licenses: 
2025-06-26 16:23:53,066 [INFO] AnalyticsPlugin:257 - Accepted Firmware Licenses: FW.F4.1.27.0,FW.F4.1.28.0
2025-06-26 16:23:53,069 [INFO] PluginManage:359 - Loaded plugin analytics (category:tool,tabindex:-1)
2025-06-26 16:23:53,069 [INFO] PluginManage:310 - Check plugin cadmodel
2025-06-26 16:23:53,074 [INFO] CADModel:105 - Init CAD model plugin
2025-06-26 16:23:53,074 [INFO] PluginManage:359 - Loaded plugin cadmodel (category:power,tabindex:5)
2025-06-26 16:23:53,075 [INFO] PluginManage:310 - Check plugin clock
2025-06-26 16:23:53,086 [INFO] PluginManage:359 - Loaded plugin clock (category:base,tabindex:2)
2025-06-26 16:23:53,086 [INFO] PluginManage:310 - Check plugin ddr
2025-06-26 16:23:53,089 [INFO] PluginManage:359 - Loaded plugin ddr (category:tool,tabindex:6)
2025-06-26 16:23:53,090 [INFO] PluginManage:310 - Check plugin filemanager
2025-06-26 16:23:53,244 [INFO] PluginManage:359 - Loaded plugin filemanager (category:base,tabindex:10)
2025-06-26 16:23:53,244 [INFO] PluginManage:310 - Check plugin ipmanager
2025-06-26 16:23:53,254 [INFO] PluginManage:359 - Loaded plugin ipmanager (category:base,tabindex:5)
2025-06-26 16:23:53,254 [INFO] PluginManage:310 - Check plugin lpbam
2025-06-26 16:23:53,263 [INFO] PluginManage:359 - Loaded plugin lpbam (category:base,tabindex:0)
2025-06-26 16:23:53,263 [INFO] PluginManage:310 - Check plugin memorymap
2025-06-26 16:23:53,278 [INFO] PluginManage:359 - Loaded plugin memorymap (category:base,tabindex:4)
2025-06-26 16:23:53,278 [INFO] PluginManage:310 - Check plugin pinoutandconfiguration
2025-06-26 16:23:53,284 [INFO] PluginManage:359 - Loaded plugin pinoutandconfiguration (category:base,tabindex:1)
2025-06-26 16:23:53,284 [INFO] PluginManage:310 - Check plugin pinoutconfig
2025-06-26 16:23:53,382 [WARN] SupportedApi:132 - Cannot load RTOS API schema: s4s-elt-must-match.1: The content of 'definitions' must match (annotation?, (simpleType | complexType)?, (unique | key | keyref)*)). A problem was found starting at: attribute.
2025-06-26 16:23:53,525 [INFO] PluginManage:359 - Loaded plugin pinoutconfig (category:base,tabindex:0)
2025-06-26 16:23:53,525 [INFO] PluginManage:310 - Check plugin power
2025-06-26 16:23:53,535 [INFO] PluginManage:359 - Loaded plugin power (category:power,tabindex:4)
2025-06-26 16:23:53,535 [INFO] PluginManage:310 - Check plugin projectmanager
2025-06-26 16:23:53,555 [INFO] PluginManage:359 - Loaded plugin projectmanager (category:projectmanager,tabindex:4)
2025-06-26 16:23:53,556 [INFO] PluginManage:310 - Check plugin rif
2025-06-26 16:23:53,561 [INFO] PluginManage:359 - Loaded plugin rif (category:base,tabindex:3)
2025-06-26 16:23:53,561 [INFO] PluginManage:310 - Check plugin thirdparty
2025-06-26 16:23:53,715 [INFO] PluginManage:359 - Loaded plugin thirdparty (category:base,tabindex:-1)
2025-06-26 16:23:53,715 [WARN] IntegrityCheckThread:84 - waiting for thirdparty lock release [integrity check]
2025-06-26 16:23:53,715 [INFO] IntegrityCheckThread:86 - entering critical section [integrity check]
2025-06-26 16:23:53,715 [INFO] PluginManage:310 - Check plugin tools
2025-06-26 16:23:53,715 [INFO] ThirdPartyUpdaterWithRetryManager:70 - Updater plugin not ready yet. [1/15]
2025-06-26 16:23:53,718 [INFO] PluginManage:359 - Loaded plugin tools (category:base,tabindex:7)
2025-06-26 16:23:53,718 [INFO] PluginManage:310 - Check plugin tutovideos
2025-06-26 16:23:53,878 [INFO] PluginManage:359 - Loaded plugin tutovideos (category:base,tabindex:-1)
2025-06-26 16:23:53,879 [INFO] PluginManage:310 - Check plugin updater
2025-06-26 16:23:53,894 [INFO] PluginManage:359 - Loaded plugin updater (category:base,tabindex:12)
2025-06-26 16:23:53,894 [INFO] PluginManage:310 - Check plugin userauth
2025-06-26 16:23:53,898 [INFO] UserAuth:113 - Init User Auth plugin
2025-06-26 16:23:53,899 [INFO] PluginManage:359 - Loaded plugin userauth (category:base,tabindex:14)
2025-06-26 16:23:53,899 [INFO] PluginManage:283 - PluginManage : Loaded plugins [18]
2025-06-26 16:23:54,079 [INFO] PinOutPanel:1561 - setPackage(No Configuration,No Configuration)
2025-06-26 16:23:54,186 [INFO] CADModel:165 - CPN selected for project level
2025-06-26 16:23:54,186 [INFO] CADModel:114 - Register for checkConnection events
2025-06-26 16:23:54,211 [INFO] IPUIPlugin:80 - create IPUIPlugin
2025-06-26 16:23:54,212 [INFO] PluginManager:220 - loadIPPluginJar : add adc
2025-06-26 16:23:54,215 [INFO] IPUIPlugin:80 - create IPUIPlugin
2025-06-26 16:23:54,215 [INFO] PluginManager:220 - loadIPPluginJar : add aes
2025-06-26 16:23:54,217 [INFO] IPUIPlugin:80 - create IPUIPlugin
2025-06-26 16:23:54,218 [INFO] PluginManager:220 - loadIPPluginJar : add can
2025-06-26 16:23:54,218 [INFO] IPUIPlugin:80 - create IPUIPlugin
2025-06-26 16:23:54,218 [INFO] PluginManager:220 - loadIPPluginJar : add comp
2025-06-26 16:23:54,221 [INFO] IPUIPlugin:80 - create IPUIPlugin
2025-06-26 16:23:54,221 [INFO] PluginManager:220 - loadIPPluginJar : add cryp
2025-06-26 16:23:54,226 [INFO] IPUIPlugin:80 - create IPUIPlugin
2025-06-26 16:23:54,226 [INFO] PluginManager:220 - loadIPPluginJar : add ddr_ctrl_phy
2025-06-26 16:23:54,228 [INFO] IPUIPlugin:80 - create IPUIPlugin
2025-06-26 16:23:54,228 [INFO] PluginManager:220 - loadIPPluginJar : add dfsdm
2025-06-26 16:23:54,232 [INFO] IPUIPlugin:80 - create IPUIPlugin
2025-06-26 16:23:54,232 [INFO] PluginManager:220 - loadIPPluginJar : add dma
2025-06-26 16:23:54,234 [INFO] IPUIPlugin:80 - create IPUIPlugin
2025-06-26 16:23:54,235 [INFO] PluginManager:220 - loadIPPluginJar : add dma3
2025-06-26 16:23:54,237 [INFO] IPUIPlugin:80 - create IPUIPlugin
2025-06-26 16:23:54,237 [INFO] PluginManager:220 - loadIPPluginJar : add extmemmanager
2025-06-26 16:23:54,238 [INFO] IPUIPlugin:80 - create IPUIPlugin
2025-06-26 16:23:54,238 [INFO] PluginManager:220 - loadIPPluginJar : add fatfs
2025-06-26 16:23:54,242 [INFO] IPUIPlugin:80 - create IPUIPlugin
2025-06-26 16:23:54,243 [INFO] PluginManager:220 - loadIPPluginJar : add fmc
2025-06-26 16:23:54,246 [INFO] IPUIPlugin:80 - create IPUIPlugin
2025-06-26 16:23:54,246 [INFO] PluginManager:220 - loadIPPluginJar : add freertos
2025-06-26 16:23:54,247 [INFO] IPUIPlugin:80 - create IPUIPlugin
2025-06-26 16:23:54,247 [INFO] PluginManager:220 - loadIPPluginJar : add genericplugin
2025-06-26 16:23:54,249 [INFO] IPUIPlugin:80 - create IPUIPlugin
2025-06-26 16:23:54,249 [INFO] PluginManager:220 - loadIPPluginJar : add gfxmmu
2025-06-26 16:23:54,251 [INFO] IPUIPlugin:80 - create IPUIPlugin
2025-06-26 16:23:54,252 [INFO] PluginManager:220 - loadIPPluginJar : add gic
2025-06-26 16:23:54,255 [INFO] IPUIPlugin:80 - create IPUIPlugin
2025-06-26 16:23:54,255 [INFO] PluginManager:220 - loadIPPluginJar : add gpio
2025-06-26 16:23:54,257 [INFO] IPUIPlugin:80 - create IPUIPlugin
2025-06-26 16:23:54,257 [INFO] PluginManager:220 - loadIPPluginJar : add gtzc
2025-06-26 16:23:54,258 [INFO] IPUIPlugin:80 - create IPUIPlugin
2025-06-26 16:23:54,258 [INFO] PluginManager:220 - loadIPPluginJar : add hash
2025-06-26 16:23:54,261 [INFO] IPUIPlugin:80 - create IPUIPlugin
2025-06-26 16:23:54,261 [INFO] PluginManager:220 - loadIPPluginJar : add i2c
2025-06-26 16:23:54,263 [INFO] IPUIPlugin:80 - create IPUIPlugin
2025-06-26 16:23:54,264 [INFO] PluginManager:220 - loadIPPluginJar : add i2s
2025-06-26 16:23:54,266 [INFO] IPUIPlugin:80 - create IPUIPlugin
2025-06-26 16:23:54,266 [INFO] PluginManager:220 - loadIPPluginJar : add i3c
2025-06-26 16:23:54,267 [INFO] IPUIPlugin:80 - create IPUIPlugin
2025-06-26 16:23:54,268 [INFO] PluginManager:220 - loadIPPluginJar : add ipddr
2025-06-26 16:23:54,273 [INFO] IPUIPlugin:80 - create IPUIPlugin
2025-06-26 16:23:54,274 [INFO] PluginManager:220 - loadIPPluginJar : add linkedlist
2025-06-26 16:23:54,275 [INFO] IPUIPlugin:80 - create IPUIPlugin
2025-06-26 16:23:54,275 [INFO] PluginManager:220 - loadIPPluginJar : add lorawan
2025-06-26 16:23:54,276 [INFO] IPUIPlugin:80 - create IPUIPlugin
2025-06-26 16:23:54,276 [INFO] PluginManager:220 - loadIPPluginJar : add ltdc
2025-06-26 16:23:54,280 [INFO] IPUIPlugin:80 - create IPUIPlugin
2025-06-26 16:23:54,280 [INFO] PluginManager:220 - loadIPPluginJar : add mdma
2025-06-26 16:23:54,283 [INFO] IPUIPlugin:80 - create IPUIPlugin
2025-06-26 16:23:54,283 [INFO] PluginManager:220 - loadIPPluginJar : add nvic
2025-06-26 16:23:54,285 [INFO] IPUIPlugin:80 - create IPUIPlugin
2025-06-26 16:23:54,285 [INFO] PluginManager:220 - loadIPPluginJar : add opamp
2025-06-26 16:23:54,289 [INFO] IPUIPlugin:80 - create IPUIPlugin
2025-06-26 16:23:54,289 [INFO] PluginManager:220 - loadIPPluginJar : add openamp
2025-06-26 16:23:54,292 [INFO] IPUIPlugin:80 - create IPUIPlugin
2025-06-26 16:23:54,292 [INFO] PluginManager:220 - loadIPPluginJar : add pdm2pcm
2025-06-26 16:23:54,297 [INFO] IPUIPlugin:80 - create IPUIPlugin
2025-06-26 16:23:54,299 [INFO] PluginManager:220 - loadIPPluginJar : add plateformsettings
2025-06-26 16:23:54,301 [INFO] IPUIPlugin:80 - create IPUIPlugin
2025-06-26 16:23:54,301 [INFO] PluginManager:220 - loadIPPluginJar : add quadspi
2025-06-26 16:23:54,302 [INFO] IPUIPlugin:80 - create IPUIPlugin
2025-06-26 16:23:54,303 [INFO] PluginManager:220 - loadIPPluginJar : add radio
2025-06-26 16:23:54,306 [INFO] IPUIPlugin:80 - create IPUIPlugin
2025-06-26 16:23:54,306 [INFO] PluginManager:220 - loadIPPluginJar : add resmgrutility
2025-06-26 16:23:54,308 [INFO] IPUIPlugin:80 - create IPUIPlugin
2025-06-26 16:23:54,308 [INFO] PluginManager:220 - loadIPPluginJar : add sai
2025-06-26 16:23:54,310 [INFO] IPUIPlugin:80 - create IPUIPlugin
2025-06-26 16:23:54,310 [INFO] PluginManager:220 - loadIPPluginJar : add spi
2025-06-26 16:23:54,316 [INFO] IPUIPlugin:80 - create IPUIPlugin
2025-06-26 16:23:54,316 [INFO] PluginManager:220 - loadIPPluginJar : add stm32_wpan
2025-06-26 16:23:54,318 [INFO] IPUIPlugin:80 - create IPUIPlugin
2025-06-26 16:23:54,318 [INFO] PluginManager:220 - loadIPPluginJar : add tim
2025-06-26 16:23:54,322 [INFO] IPUIPlugin:80 - create IPUIPlugin
2025-06-26 16:23:54,322 [INFO] PluginManager:220 - loadIPPluginJar : add touchsensing
2025-06-26 16:23:54,323 [INFO] IPUIPlugin:80 - create IPUIPlugin
2025-06-26 16:23:54,324 [INFO] PluginManager:220 - loadIPPluginJar : add tracer_emb
2025-06-26 16:23:54,325 [INFO] IPUIPlugin:80 - create IPUIPlugin
2025-06-26 16:23:54,326 [INFO] PluginManager:220 - loadIPPluginJar : add ts
2025-06-26 16:23:54,327 [INFO] IPUIPlugin:80 - create IPUIPlugin
2025-06-26 16:23:54,327 [INFO] PluginManager:220 - loadIPPluginJar : add tsc
2025-06-26 16:23:54,329 [INFO] IPUIPlugin:80 - create IPUIPlugin
2025-06-26 16:23:54,329 [INFO] PluginManager:220 - loadIPPluginJar : add ucpd
2025-06-26 16:23:54,332 [INFO] IPUIPlugin:80 - create IPUIPlugin
2025-06-26 16:23:54,332 [INFO] PluginManager:220 - loadIPPluginJar : add usart
2025-06-26 16:23:54,335 [INFO] IPUIPlugin:80 - create IPUIPlugin
2025-06-26 16:23:54,335 [INFO] PluginManager:220 - loadIPPluginJar : add usbx
2025-06-26 16:23:54,473 [INFO] CADModel:165 - CPN selected for project level
2025-06-26 16:23:54,473 [INFO] CADModel:114 - Register for checkConnection events
2025-06-26 16:23:54,474 [FATAL] Updater:334 - Updater called before beeing initialized
2025-06-26 16:23:54,474 [ERROR] CADModel:125 - Updater not yet initialized, retry later 
2025-06-26 16:23:54,580 [INFO] CADModel:165 - CPN selected for project level
2025-06-26 16:23:54,580 [INFO] CADModel:114 - Register for checkConnection events
2025-06-26 16:23:54,580 [FATAL] Updater:334 - Updater called before beeing initialized
2025-06-26 16:23:54,580 [ERROR] CADModel:125 - Updater not yet initialized, retry later 
2025-06-26 16:23:54,583 [FATAL] Updater:334 - Updater called before beeing initialized
2025-06-26 16:23:54,684 [FATAL] Updater:334 - Updater called before beeing initialized
2025-06-26 16:23:54,687 [INFO] DbMcusAds:53 - JSON generation date=Wed May 07 11:07:55 CEST 2025 (1746608875679)
2025-06-26 16:23:54,688 [FATAL] Updater:334 - Updater called before beeing initialized
2025-06-26 16:23:54,725 [WARN] DetailPanel:346 - Failed to get advertising image, set to default
2025-06-26 16:23:54,814 [FATAL] Updater:334 - Updater called before beeing initialized
2025-06-26 16:23:54,816 [FATAL] Updater:334 - Updater called before beeing initialized
2025-06-26 16:23:54,816 [FATAL] Updater:334 - Updater called before beeing initialized
2025-06-26 16:23:54,816 [WARN] DetailPanel:346 - Failed to get advertising image, set to default
2025-06-26 16:23:54,816 [FATAL] Updater:334 - Updater called before beeing initialized
2025-06-26 16:23:54,857 [ERROR] Updater:1164 - MainUpdater not yet initialized. External WinMGr cannot be set.
2025-06-26 16:23:54,858 [INFO] Updater:1100 - Updater Version found : 6.12.1
2025-06-26 16:23:54,873 [INFO] ApplicationProperties:184 - Using Application install path: C:\ST\STM32CubeIDE_1.16.1\STM32CubeIDE\plugins\com.st.stm32cube.common.mx_6.12.1.202409122256
2025-06-26 16:23:55,168 [INFO] MainUpdater:2873 - connection check result : 10
2025-06-26 16:23:55,168 [INFO] MainUpdater:290 - Updater Check For Update Now.
2025-06-26 16:23:55,169 [INFO] MicroXplorer:498 - Change Database Version : DB.6.0.121
2025-06-26 16:23:55,176 [INFO] McuFinderGlobals:63 - Set McuFinder mode to 2 (CubeIDE integrated)
2025-06-26 16:23:55,178 [INFO] UserAuth:417 - Internet connection configuration mode: 1
2025-06-26 16:23:55,202 [INFO] JxBrowserEngine:152 - Initiate JxBrowser Engine with user profile folder
2025-06-26 16:23:55,407 [INFO] CheckServerUpdateThread:120 - End of CheckServer Thread
2025-06-26 16:23:56,055 [INFO] WebApp:167 - Instantiating new browser for Auth
2025-06-26 16:23:56,929 [INFO] WebApp:448 - Apply proxy settings
2025-06-26 16:23:56,930 [INFO] WebApp:533 - Chromium requires no authentication
2025-06-26 16:23:56,945 [INFO] WebApp:476 - Direct internet connection detected
2025-06-26 16:23:56,982 [INFO] WebApp:869 - Register for checkConnection events
2025-06-26 16:23:56,982 [INFO] WebApp:448 - Apply proxy settings
2025-06-26 16:23:56,982 [INFO] WebApp:533 - Chromium requires no authentication
2025-06-26 16:23:56,983 [INFO] WebApp:476 - Direct internet connection detected
2025-06-26 16:23:57,144 [WARN] PackLoader:240 - Cannot read IP mode file for STMicroelectronics.FP-SNS-MOTENVWB1.1.4.0
2025-06-26 16:23:57,159 [WARN] PackLoader:240 - Cannot read IP mode file for STMicroelectronics.FP-ATR-ASTRA1.2.0.2
2025-06-26 16:23:57,164 [INFO] WebApp:186 - Connection restablished
2025-06-26 16:23:57,166 [WARN] PackLoader:240 - Cannot read IP mode file for STMicroelectronics.FP-ATR-ASTRA1.2.0.1
2025-06-26 16:23:57,179 [WARN] PackLoader:240 - Cannot read IP mode file for STMicroelectronics.X-CUBE-SMBUS.2.1.0
2025-06-26 16:23:57,195 [WARN] PackLoader:240 - Cannot read IP mode file for STMicroelectronics.X-CUBE-WB05N.1.1.0
2025-06-26 16:23:57,206 [ERROR] Engine:466 - C:\Users\LENOVO\.stm32cubemx\thirdparties\pdsc\STMicroelectronics.X-CUBE-ST60.1.0.0.pdsc: PDSC version is not supported
2025-06-26 16:23:57,274 [WARN] PackLoader:240 - Cannot read IP mode file for STMicroelectronics.X-CUBE-AZRTOS-F7.1.1.0
2025-06-26 16:23:57,352 [INFO] WebApp:220 - Starting web application
2025-06-26 16:23:57,352 [INFO] WebApp:578 - Web application path used C:\ST\STM32CubeIDE_1.16.1\STM32CubeIDE\plugins\com.st.stm32cube.common.mx_6.12.1.202409122256\db\plugins\mcufinder\reactClient1\index.html
2025-06-26 16:23:57,408 [WARN] PackLoader:240 - Cannot read IP mode file for STMicroelectronics.X-CUBE-MEMS1.11.0.0
2025-06-26 16:23:57,660 [INFO] UserAuth:417 - Internet connection configuration mode: 1
2025-06-26 16:23:57,814 [WARN] PackLoader:240 - Cannot read IP mode file for STMicroelectronics.X-CUBE-BLE1.6.2.4
2025-06-26 16:23:57,822 [WARN] PackLoader:240 - Cannot read IP mode file for STMicroelectronics.FP-SNS-FLIGHT1.5.0.2
2025-06-26 16:23:57,833 [WARN] PackLoader:240 - Cannot read IP mode file for STMicroelectronics.X-CUBE-DISPLAY.3.0.0
2025-06-26 16:23:57,854 [WARN] PackLoader:240 - Cannot read IP mode file for STMicroelectronics.X-CUBE-BLE1.7.0.0
2025-06-26 16:23:57,865 [WARN] PackLoader:240 - Cannot read IP mode file for STMicroelectronics.X-CUBE-NFC10.1.0.0
2025-06-26 16:23:57,881 [WARN] PackLoader:240 - Cannot read IP mode file for STMicroelectronics.X-CUBE-BLEMGR.4.0.0
2025-06-26 16:23:57,904 [WARN] PackLoader:240 - Cannot read IP mode file for STMicroelectronics.X-CUBE-BLEMGR.3.1.0
2025-06-26 16:23:57,920 [WARN] PackLoader:240 - Cannot read IP mode file for STMicroelectronics.X-CUBE-AI.10.0.0
2025-06-26 16:23:57,932 [WARN] PackLoader:240 - Cannot read IP mode file for STMicroelectronics.FP-SNS-SMARTAG2.1.2.0
2025-06-26 16:23:57,940 [ERROR] Engine:466 - C:\Users\LENOVO\.stm32cubemx\thirdparties\pdsc\STMicroelectronics.FP-SNS-FLIGHT1.5.1.0.pdsc: PDSC version is not supported
2025-06-26 16:23:58,036 [WARN] PackLoader:240 - Cannot read IP mode file for STMicroelectronics.X-CUBE-MEMS1.11.1.0
2025-06-26 16:23:58,475 [INFO] LogOutputStream:77 - [STDOUT_REDIRECT] 1 : Invalid condition id : UX_CORESTACK_Condition cause : null
2025-06-26 16:23:58,476 [INFO] LogOutputStream:77 - [STDOUT_REDIRECT] 1 : Invalid condition id : UX_CORESTACK_Condition cause : null
2025-06-26 16:23:58,478 [INFO] LogOutputStream:77 - [STDOUT_REDIRECT] 1 : Invalid condition id : UX_CORESTACK_Condition cause : null
2025-06-26 16:23:58,481 [INFO] LogOutputStream:77 - [STDOUT_REDIRECT] 1 : Invalid condition id : UX_CORESTACK_Condition cause : null
2025-06-26 16:23:58,483 [INFO] LogOutputStream:77 - [STDOUT_REDIRECT] 1 : Invalid condition id : UX_CORESTACK_Condition cause : null
2025-06-26 16:23:58,489 [WARN] PackLoader:240 - Cannot read IP mode file for STMicroelectronics.X-CUBE-AZRTOS-WL.2.0.0
2025-06-26 16:23:58,497 [WARN] PackLoader:240 - Cannot read IP mode file for STMicroelectronics.FP-SNS-MOTENV1.5.0.0
2025-06-26 16:23:58,516 [WARN] PackLoader:240 - Cannot read IP mode file for wolfSSL.I-CUBE-wolfMQTT.1.19.0
2025-06-26 16:23:58,527 [WARN] PackLoader:240 - Cannot read IP mode file for WES.I-CUBE-Cesium.1.3.0
2025-06-26 16:23:58,533 [WARN] PackLoader:240 - Cannot read IP mode file for STMicroelectronics.X-CUBE-BLE2.3.3.0
2025-06-26 16:23:58,544 [WARN] PackLoader:240 - Cannot read IP mode file for STMicroelectronics.X-CUBE-DISPLAY.2.2.0
2025-06-26 16:23:58,564 [WARN] PackLoader:240 - Cannot read IP mode file for STMicroelectronics.X-CUBE-TOF1.3.2.0
2025-06-26 16:23:58,582 [WARN] PackLoader:240 - Cannot read IP mode file for STMicroelectronics.X-CUBE-NFC9.1.0.0
2025-06-26 16:23:58,590 [WARN] PackLoader:240 - Cannot read IP mode file for STMicroelectronics.X-CUBE-BLE1.7.1.0
2025-06-26 16:23:58,597 [WARN] PackLoader:240 - Cannot read IP mode file for STMicroelectronics.X-CUBE-TCPP.4.1.0
2025-06-26 16:23:58,604 [WARN] PackLoader:240 - Cannot read IP mode file for STMicroelectronics.X-CUBE-TOUCHGFX.4.21.0
2025-06-26 16:23:58,660 [WARN] PackLoader:240 - Cannot read IP mode file for STMicroelectronics.X-CUBE-MEMS1.9.4.0
2025-06-26 16:23:58,876 [WARN] PackLoader:240 - Cannot read IP mode file for STMicroelectronics.X-CUBE-AI.7.3.0
2025-06-26 16:23:58,881 [WARN] PackLoader:240 - Cannot read IP mode file for STMicroelectronics.X-CUBE-AI.10.1.0
2025-06-26 16:23:58,887 [WARN] PackLoader:240 - Cannot read IP mode file for STMicroelectronics.X-CUBE-ALGOBUILD.1.3.0
2025-06-26 16:23:58,958 [WARN] PackLoader:240 - Cannot read IP mode file for STMicroelectronics.X-CUBE-MEMS1.11.2.0
2025-06-26 16:23:59,135 [WARN] PackLoader:240 - Cannot read IP mode file for STMicroelectronics.X-CUBE-AZRTOS-G0.1.1.0
2025-06-26 16:23:59,144 [WARN] PackLoader:240 - Cannot read IP mode file for STMicroelectronics.X-CUBE-SAFEA1.1.2.2
2025-06-26 16:23:59,157 [WARN] PackLoader:240 - Cannot read IP mode file for STMicroelectronics.X-CUBE-NFC4.3.0.0
2025-06-26 16:23:59,167 [WARN] PackLoader:240 - Cannot read IP mode file for EmbeddedOffice.I-CUBE-FS-RTOS.1.0.1
2025-06-26 16:23:59,167 [ERROR] ConditionMgr:805 - Attr not supported : Dmpu
2025-06-26 16:23:59,167 [ERROR] ConditionMgr:805 - Attr not supported : Dmpu
2025-06-26 16:23:59,167 [ERROR] ConditionMgr:805 - Attr not supported : Dmpu
2025-06-26 16:23:59,167 [ERROR] ConditionMgr:805 - Attr not supported : Dmpu
2025-06-26 16:23:59,167 [ERROR] ConditionMgr:805 - Attr not supported : Dmpu
2025-06-26 16:23:59,167 [ERROR] ConditionMgr:805 - Attr not supported : Dmpu
2025-06-26 16:23:59,167 [ERROR] ConditionMgr:805 - Attr not supported : Dmpu
2025-06-26 16:23:59,168 [ERROR] ConditionMgr:805 - Attr not supported : Dmpu
2025-06-26 16:23:59,168 [ERROR] ConditionMgr:805 - Attr not supported : Dmpu
2025-06-26 16:23:59,168 [ERROR] ConditionMgr:805 - Attr not supported : Dmpu
2025-06-26 16:23:59,168 [ERROR] ConditionMgr:805 - Attr not supported : Dmpu
2025-06-26 16:23:59,168 [ERROR] ConditionMgr:805 - Attr not supported : Dmpu
2025-06-26 16:23:59,168 [ERROR] ConditionMgr:805 - Attr not supported : Dmpu
2025-06-26 16:23:59,169 [ERROR] ConditionMgr:805 - Attr not supported : Dmpu
2025-06-26 16:23:59,169 [ERROR] ConditionMgr:805 - Attr not supported : Dmpu
2025-06-26 16:23:59,169 [ERROR] ConditionMgr:805 - Attr not supported : Dmpu
2025-06-26 16:23:59,169 [ERROR] ConditionMgr:805 - Attr not supported : Dmpu
2025-06-26 16:23:59,169 [ERROR] ConditionMgr:805 - Attr not supported : Dmpu
2025-06-26 16:23:59,169 [ERROR] ConditionMgr:805 - Attr not supported : Dmpu
2025-06-26 16:23:59,170 [ERROR] ConditionMgr:805 - Attr not supported : Dmpu
2025-06-26 16:23:59,170 [ERROR] ConditionMgr:805 - Attr not supported : Dmpu
2025-06-26 16:23:59,170 [ERROR] ConditionMgr:805 - Attr not supported : Dmpu
2025-06-26 16:23:59,170 [ERROR] ConditionMgr:805 - Attr not supported : Dmpu
2025-06-26 16:23:59,170 [ERROR] ConditionMgr:805 - Attr not supported : Dmpu
2025-06-26 16:23:59,170 [ERROR] ConditionMgr:805 - Attr not supported : Dmpu
2025-06-26 16:23:59,170 [ERROR] ConditionMgr:805 - Attr not supported : Dmpu
2025-06-26 16:23:59,170 [ERROR] ConditionMgr:805 - Attr not supported : Dmpu
2025-06-26 16:23:59,170 [ERROR] ConditionMgr:805 - Attr not supported : Dmpu
2025-06-26 16:23:59,170 [ERROR] ConditionMgr:805 - Attr not supported : Dmpu
2025-06-26 16:23:59,171 [ERROR] ConditionMgr:805 - Attr not supported : Dmpu
2025-06-26 16:23:59,171 [ERROR] ConditionMgr:805 - Attr not supported : Dmpu
2025-06-26 16:23:59,171 [ERROR] ConditionMgr:805 - Attr not supported : Dmpu
2025-06-26 16:23:59,171 [ERROR] ConditionMgr:805 - Attr not supported : Dmpu
2025-06-26 16:23:59,171 [ERROR] ConditionMgr:805 - Attr not supported : Dmpu
2025-06-26 16:23:59,171 [ERROR] ConditionMgr:805 - Attr not supported : Dmpu
2025-06-26 16:23:59,171 [ERROR] ConditionMgr:805 - Attr not supported : Dmpu
2025-06-26 16:23:59,171 [ERROR] ConditionMgr:805 - Attr not supported : Dmpu
2025-06-26 16:23:59,171 [ERROR] ConditionMgr:805 - Attr not supported : Dmpu
2025-06-26 16:23:59,172 [ERROR] ConditionMgr:805 - Attr not supported : Dmpu
2025-06-26 16:23:59,172 [ERROR] ConditionMgr:805 - Attr not supported : Dmpu
2025-06-26 16:23:59,172 [ERROR] ConditionMgr:805 - Attr not supported : Dmpu
2025-06-26 16:23:59,172 [ERROR] ConditionMgr:805 - Attr not supported : Dmpu
2025-06-26 16:23:59,172 [ERROR] ConditionMgr:805 - Attr not supported : Dmpu
2025-06-26 16:23:59,172 [ERROR] ConditionMgr:805 - Attr not supported : Dmpu
2025-06-26 16:23:59,172 [ERROR] ConditionMgr:805 - Attr not supported : Dmpu
2025-06-26 16:23:59,172 [ERROR] ConditionMgr:805 - Attr not supported : Dmpu
2025-06-26 16:23:59,172 [ERROR] ConditionMgr:805 - Attr not supported : Dmpu
2025-06-26 16:23:59,172 [ERROR] ConditionMgr:805 - Attr not supported : Dmpu
2025-06-26 16:23:59,173 [ERROR] ConditionMgr:805 - Attr not supported : Dmpu
2025-06-26 16:23:59,173 [ERROR] ConditionMgr:805 - Attr not supported : Dmpu
2025-06-26 16:23:59,173 [ERROR] ConditionMgr:805 - Attr not supported : Dmpu
2025-06-26 16:23:59,173 [ERROR] ConditionMgr:805 - Attr not supported : Dmpu
2025-06-26 16:23:59,173 [ERROR] ConditionMgr:805 - Attr not supported : Dmpu
2025-06-26 16:23:59,173 [ERROR] ConditionMgr:805 - Attr not supported : Dmpu
2025-06-26 16:23:59,173 [ERROR] ConditionMgr:805 - Attr not supported : Dmpu
2025-06-26 16:23:59,173 [ERROR] ConditionMgr:805 - Attr not supported : Dmpu
2025-06-26 16:23:59,173 [ERROR] ConditionMgr:805 - Attr not supported : Dmpu
2025-06-26 16:23:59,173 [ERROR] ConditionMgr:805 - Attr not supported : Dmpu
2025-06-26 16:23:59,173 [ERROR] ConditionMgr:805 - Attr not supported : Dmpu
2025-06-26 16:23:59,173 [ERROR] ConditionMgr:805 - Attr not supported : Dmpu
2025-06-26 16:23:59,173 [ERROR] ConditionMgr:805 - Attr not supported : Dmpu
2025-06-26 16:23:59,174 [ERROR] ConditionMgr:805 - Attr not supported : Dmpu
2025-06-26 16:23:59,174 [ERROR] ConditionMgr:805 - Attr not supported : Dmpu
2025-06-26 16:23:59,174 [ERROR] ConditionMgr:805 - Attr not supported : Dmpu
2025-06-26 16:23:59,177 [WARN] PackLoader:240 - Cannot read IP mode file for STMicroelectronics.X-CUBE-WB05N.2.0.0
2025-06-26 16:23:59,185 [WARN] PackLoader:240 - Cannot read IP mode file for STMicroelectronics.X-CUBE-BLEMGR.1.3.0
2025-06-26 16:23:59,191 [ERROR] Engine:466 - C:\Users\LENOVO\.stm32cubemx\thirdparties\pdsc\STMicroelectronics.X-CUBE-TCPP.4.2.0.pdsc: PDSC version is not supported
2025-06-26 16:23:59,195 [WARN] PackLoader:240 - Cannot read IP mode file for RealThread.X-CUBE-RT-Thread_Nano.4.1.1
2025-06-26 16:23:59,200 [WARN] PackLoader:240 - Cannot read IP mode file for STMicroelectronics.FP-ATR-SIGFOX1.3.2.0
2025-06-26 16:23:59,204 [WARN] ConditionMgr:438 - getConditionDescription Invalid condition id : Cortex-A Device cause : null
2025-06-26 16:23:59,218 [WARN] ConditionMgr:1039 - genDependencies : Invalid condition id : Cortex-A Device cause : null
2025-06-26 16:23:59,219 [WARN] ConditionMgr:1039 - genDependencies : Invalid condition id : Cortex-A Device cause : null
2025-06-26 16:23:59,219 [WARN] ConditionMgr:1039 - genDependencies : Invalid condition id : Cortex-A Device cause : null
2025-06-26 16:23:59,225 [WARN] PackLoader:240 - Cannot read IP mode file for STMicroelectronics.X-CUBE-EEPRMA1.5.1.0
2025-06-26 16:23:59,228 [WARN] PackLoader:240 - Cannot read IP mode file for STMicroelectronics.X-CUBE-TOUCHGFX.4.20.0
2025-06-26 16:23:59,236 [WARN] PackLoader:240 - Cannot read IP mode file for ITTIA_DB.I-CUBE-ITTIADB.8.9.0
2025-06-26 16:23:59,239 [ERROR] Engine:466 - C:\Users\LENOVO\.stm32cubemx\thirdparties\pdsc\STMicroelectronics.X-CUBE-ST67W61.1.0.0.pdsc: PDSC version is not supported
2025-06-26 16:23:59,276 [WARN] PackLoader:240 - Cannot read IP mode file for SEGGER.I-CUBE-embOS.1.3.1
2025-06-26 16:23:59,328 [WARN] PackLoader:240 - Cannot read IP mode file for STMicroelectronics.X-CUBE-ALGOBUILD.1.4.0
2025-06-26 16:23:59,383 [WARN] PackLoader:240 - Cannot read IP mode file for STMicroelectronics.X-CUBE-MEMS1.11.3.0
2025-06-26 16:23:59,573 [WARN] PackLoader:240 - Cannot read IP mode file for SEGGER.I-CUBE-embOS.1.3.0
2025-06-26 16:23:59,604 [WARN] PackLoader:240 - Cannot read IP mode file for STMicroelectronics.X-CUBE-AI.9.1.0
2025-06-26 16:23:59,608 [WARN] PackLoader:240 - Cannot read IP mode file for STMicroelectronics.X-CUBE-PM33A1.1.0.0
2025-06-26 16:23:59,613 [WARN] PackLoader:240 - Cannot read IP mode file for STMicroelectronics.X-CUBE-GNSS1.6.0.0
2025-06-26 16:23:59,630 [WARN] PackLoader:240 - Cannot read IP mode file for STMicroelectronics.X-CUBE-AZRTOS-F4.1.1.0
2025-06-26 16:23:59,634 [ERROR] Engine:466 - C:\Users\LENOVO\.stm32cubemx\thirdparties\pdsc\Avnet-IotConnect.X-CUBE-IoTC-DA16k-PMOD.1.0.0.pdsc: PDSC version is not supported
2025-06-26 16:23:59,639 [WARN] PackLoader:240 - Cannot read IP mode file for STMicroelectronics.X-CUBE-ISPU.2.1.0
2025-06-26 16:23:59,644 [WARN] PackLoader:240 - Cannot read IP mode file for STMicroelectronics.X-CUBE-FREERTOS.1.2.0
2025-06-26 16:23:59,661 [WARN] PackLoader:240 - Cannot read IP mode file for STMicroelectronics.X-CUBE-AZRTOS-L5.2.0.0
2025-06-26 16:23:59,674 [WARN] PackLoader:240 - Cannot read IP mode file for STMicroelectronics.X-CUBE-NFC6.3.1.0
2025-06-26 16:23:59,686 [WARN] PackLoader:240 - Cannot read IP mode file for emotas.I-CUBE-CANOPEN.1.1.3
2025-06-26 16:23:59,691 [WARN] PackLoader:240 - Cannot read IP mode file for STMicroelectronics.X-CUBE-DPower.1.2.0
2025-06-26 16:23:59,697 [WARN] PackLoader:240 - Cannot read IP mode file for STMicroelectronics.X-CUBE-NFC4.2.0.5
2025-06-26 16:23:59,704 [WARN] PackLoader:240 - Cannot read IP mode file for wolfSSL.I-CUBE-wolfSSL.5.5.3
2025-06-26 16:23:59,710 [WARN] PackLoader:240 - Cannot read IP mode file for STMicroelectronics.X-CUBE-FREERTOS.1.3.1
2025-06-26 16:23:59,714 [WARN] PackLoader:240 - Cannot read IP mode file for STMicroelectronics.X-CUBE-FREERTOS.1.3.0
2025-06-26 16:23:59,721 [WARN] PackLoader:240 - Cannot read IP mode file for STMicroelectronics.X-CUBE-NFC7.1.0.1
2025-06-26 16:23:59,725 [WARN] PackLoader:240 - Cannot read IP mode file for STMicroelectronics.X-CUBE-NFC7.1.0.0
2025-06-26 16:23:59,729 [WARN] PackLoader:240 - Cannot read IP mode file for STMicroelectronics.X-CUBE-EEPRMA1.4.1.0
2025-06-26 16:23:59,733 [ERROR] Engine:466 - C:\Users\LENOVO\.stm32cubemx\thirdparties\pdsc\STMicroelectronics.FP-SNS-STAIOTCFT.1.0.0.pdsc: PDSC version is not supported
2025-06-26 16:23:59,737 [WARN] PackLoader:240 - Cannot read IP mode file for STMicroelectronics.X-CUBE-DPower.1.3.0
2025-06-26 16:23:59,753 [WARN] ConditionMgr:438 - getConditionDescription Invalid condition id : LAN8742 Phy interface Condition cause : null
2025-06-26 16:23:59,754 [WARN] PackLoader:240 - Cannot read IP mode file for STMicroelectronics.X-CUBE-AZRTOS-L4.2.0.0
2025-06-26 16:23:59,755 [WARN] ConditionMgr:1039 - genDependencies : Invalid condition id : LAN8742 Phy interface Condition cause : null
2025-06-26 16:23:59,755 [WARN] ConditionMgr:1039 - genDependencies : Invalid condition id : LAN8742 Phy interface Condition cause : null
2025-06-26 16:23:59,756 [WARN] ConditionMgr:1039 - genDependencies : Invalid condition id : LAN8742 Phy interface Condition cause : null
2025-06-26 16:23:59,764 [WARN] PackLoader:240 - Cannot read IP mode file for STMicroelectronics.X-CUBE-SFXS2LP1.4.0.0
2025-06-26 16:23:59,782 [WARN] PackLoader:240 - Cannot read IP mode file for STMicroelectronics.X-CUBE-AZRTOS-H7.3.0.0
2025-06-26 16:23:59,789 [WARN] PackLoader:240 - Cannot read IP mode file for STMicroelectronics.X-CUBE-ISPU.1.1.0
2025-06-26 16:23:59,825 [WARN] PackLoader:240 - Cannot read IP mode file for STMicroelectronics.X-CUBE-AZRTOS-H7.3.3.0
2025-06-26 16:23:59,840 [WARN] PackLoader:240 - Cannot read IP mode file for RoweBots.I-CUBE-UNISONRTOS.5.5.0-4
2025-06-26 16:23:59,851 [WARN] PackLoader:240 - Cannot read IP mode file for STMicroelectronics.X-CUBE-IPS.3.0.0
2025-06-26 16:23:59,874 [WARN] ConditionMgr:438 - getConditionDescription Invalid condition id : UX DEVICE CLASS RTOS Condition cause : null
2025-06-26 16:23:59,874 [WARN] ConditionMgr:438 - getConditionDescription Invalid condition id : UX DEVICE CLASS RTOS Condition cause : null
2025-06-26 16:23:59,878 [WARN] PackLoader:240 - Cannot read IP mode file for STMicroelectronics.X-CUBE-AZRTOS-WB.2.0.0
2025-06-26 16:23:59,878 [WARN] ConditionMgr:1039 - genDependencies : Invalid condition id : UX DEVICE CLASS RTOS Condition cause : null
2025-06-26 16:23:59,878 [WARN] ConditionMgr:1039 - genDependencies : Invalid condition id : UX DEVICE CLASS RTOS Condition cause : null
2025-06-26 16:23:59,878 [WARN] ConditionMgr:1039 - genDependencies : Invalid condition id : UX DEVICE CLASS RTOS Condition cause : null
2025-06-26 16:23:59,879 [WARN] ConditionMgr:1039 - genDependencies : Invalid condition id : UX DEVICE CLASS RTOS Condition cause : null
2025-06-26 16:23:59,879 [WARN] ConditionMgr:1039 - genDependencies : Invalid condition id : UX DEVICE CLASS RTOS Condition cause : null
2025-06-26 16:23:59,887 [WARN] PackLoader:240 - Cannot read IP mode file for STMicroelectronics.X-CUBE-GNSS1.7.0.0
2025-06-26 16:23:59,894 [WARN] PackLoader:240 - Cannot read IP mode file for STMicroelectronics.X-CUBE-GNSS1.7.0.1
2025-06-26 16:23:59,899 [WARN] PackLoader:240 - Cannot read IP mode file for STMicroelectronics.X-CUBE-TOUCHGFX.4.25.0
2025-06-26 16:23:59,909 [WARN] PackLoader:240 - Cannot read IP mode file for STMicroelectronics.FP-SNS-STBOX1.2.0.0
2025-06-26 16:23:59,937 [WARN] PackLoader:240 - Cannot read IP mode file for STMicroelectronics.X-CUBE-AZRTOS-L5.1.1.0
2025-06-26 16:23:59,953 [WARN] PackLoader:240 - Cannot read IP mode file for STMicroelectronics.X-CUBE-SUBG2.5.0.0
2025-06-26 16:23:59,995 [WARN] PackLoader:240 - Cannot read IP mode file for STMicroelectronics.X-CUBE-AZRTOS-H7RS.1.1.0
2025-06-26 16:24:00,003 [WARN] PackLoader:240 - Cannot read IP mode file for Cesanta.I-CUBE-Mongoose.7.13.0
2025-06-26 16:24:00,026 [WARN] PackLoader:240 - Cannot read IP mode file for STMicroelectronics.X-CUBE-AZRTOS-G4.2.0.0
2025-06-26 16:24:00,034 [WARN] PackLoader:240 - Cannot read IP mode file for STMicroelectronics.FP-ATR-ASTRA1.1.1.1
2025-06-26 16:24:00,040 [WARN] PackLoader:240 - Cannot read IP mode file for STMicroelectronics.X-CUBE-NFC7.2.0.0
2025-06-26 16:24:00,063 [WARN] PackLoader:240 - Cannot read IP mode file for STMicroelectronics.X-CUBE-AZRTOS-G4.1.0.0
2025-06-26 16:24:00,081 [WARN] PackLoader:240 - Cannot read IP mode file for STMicroelectronics.X-CUBE-AZRTOS-L4.1.0.0
2025-06-26 16:24:00,091 [ERROR] Engine:466 - C:\Users\LENOVO\.stm32cubemx\thirdparties\pdsc\STMicroelectronics.X-CUBE-IPS.3.1.0.pdsc: PDSC version is not supported
2025-06-26 16:24:00,094 [WARN] PackLoader:240 - Cannot read IP mode file for STMicroelectronics.X-CUBE-ALS.1.0.2
2025-06-26 16:24:00,097 [WARN] PackLoader:240 - Cannot read IP mode file for STMicroelectronics.X-CUBE-TOUCHGFX.4.24.2
2025-06-26 16:24:00,106 [WARN] PackLoader:240 - Cannot read IP mode file for STMicroelectronics.X-CUBE-AZRTOS-WL.1.0.0
2025-06-26 16:24:00,110 [WARN] PackLoader:240 - Cannot read IP mode file for STMicroelectronics.X-CUBE-TOUCHGFX.4.24.1
2025-06-26 16:24:00,114 [WARN] PackLoader:240 - Cannot read IP mode file for wolfSSL.I-CUBE-wolfTPM.3.4.0
2025-06-26 16:24:00,119 [WARN] PackLoader:240 - Cannot read IP mode file for portGmbH.I-Cube-SoM-uGOAL.1.1.0
2025-06-26 16:24:00,123 [WARN] PackLoader:240 - Cannot read IP mode file for STMicroelectronics.X-CUBE-ALS.1.0.1
2025-06-26 16:24:00,135 [WARN] PackLoader:240 - Cannot read IP mode file for STMicroelectronics.X-CUBE-AZRTOS-WB.1.1.0
2025-06-26 16:24:00,141 [WARN] PackLoader:240 - Cannot read IP mode file for STMicroelectronics.X-CUBE-EEPRMA1.3.1.1
2025-06-26 16:24:00,157 [WARN] PackLoader:240 - Cannot read IP mode file for STMicroelectronics.X-CUBE-AZRTOS-H7RS.1.0.0
2025-06-26 16:24:00,173 [WARN] PackLoader:240 - Cannot read IP mode file for STMicroelectronics.X-CUBE-TOF1.3.4.2
2025-06-26 16:24:00,191 [ERROR] Engine:466 - C:\Users\LENOVO\.stm32cubemx\thirdparties\pdsc\STMicroelectronics.X-CUBE-TOF1.3.4.3.pdsc: PDSC version is not supported
2025-06-26 16:24:00,216 [WARN] PackLoader:240 - Cannot read IP mode file for Infineon.AIROC-Wi-Fi-Bluetooth-STM32.1.6.1
2025-06-26 16:24:00,223 [WARN] PackLoader:240 - Cannot read IP mode file for wolfSSL.I-CUBE-wolfSSH.1.4.17
2025-06-26 16:24:00,224 [INFO] ThirdParty:978 - Integrity check success = true
2025-06-26 16:24:00,224 [INFO] IntegrityCheckThread:100 - exiting critical section [integrity check]
2025-06-26 16:24:00,224 [INFO] IntegrityCheckThread:103 - End integrity checks thread
2025-06-26 16:36:48,116 [INFO] McuFinderGlobals:63 - Set McuFinder mode to 2 (CubeIDE integrated)
2025-06-26 16:36:48,150 [INFO] MainUpdater:2873 - connection check result : 10
2025-06-26 16:36:48,159 [INFO] MainUpdater:2873 - connection check result : 10
2025-06-26 16:36:48,368 [INFO] RulesReader:64 - Compatibility file has been processed (297 Rules)
2025-06-26 16:36:48,379 [INFO] RulesReader:64 - Compatibility file has been processed (297 Rules)
2025-06-26 16:36:48,383 [INFO] MicroXplorer:468 - Change Database Path : 
2025-06-26 16:36:48,383 [INFO] MicroXplorer:498 - Change Database Version : DB.6.0.121
2025-06-26 16:36:48,389 [WARN] ThirdParty:871 - waiting for thirdparty lock release [close project]
2025-06-26 16:36:48,389 [INFO] ThirdParty:873 - entering critical section [close project]
2025-06-26 16:36:48,390 [INFO] ThirdParty:883 - exiting critical section [close project]
2025-06-26 16:36:48,393 [INFO] PinOutPanel:1561 - setPackage(No Configuration,No Configuration)
2025-06-26 16:36:48,397 [INFO] UtilMem:75 - Begin LoadConfig() Used Memory: 916332432 Bytes (1073741824)
2025-06-26 16:36:48,399 [INFO] MicroXplorer:468 - Change Database Path : 
2025-06-26 16:36:48,399 [INFO] MicroXplorer:498 - Change Database Version : DB.6.0.121
2025-06-26 16:36:48,399 [INFO] OpenFileManager:332 - Change cursor
2025-06-26 16:36:48,443 [INFO] Mcu:2032 - Initializing MCU STM32F411V(C-E)Tx STM32F411VETx STM32F411VET6
2025-06-26 16:36:50,097 [INFO] Context:742 - Trying to add GPIOservice into a context  which must be forbidden
2025-06-26 16:36:50,683 [INFO] RtosManager:555 - Registered RTOS mode: class=CMSIS, group=RTOS, mode=CMSIS_V1, owner=FREERTOS
2025-06-26 16:36:50,683 [INFO] RtosManager:555 - Registered RTOS mode: class=CMSIS, group=RTOS2, mode=CMSIS_V2, owner=FREERTOS
2025-06-26 16:36:50,683 [INFO] RtosManager:555 - Registered RTOS mode: class=RTOS, group=Core, mode=CMSIS_V1, owner=FREERTOS
2025-06-26 16:36:50,683 [INFO] RtosManager:555 - Registered RTOS mode: class=RTOS, group=Core, mode=CMSIS_V2, owner=FREERTOS
2025-06-26 16:36:50,684 [WARN] ModelIntegratedComponent:184 - Missing modes for component STMicroelectronics:FreeRTOS:0.0.1:STMicroelectronics:RTOS:FreeRTOS:Core:::10.2.0:
2025-06-26 16:36:50,690 [WARN] ModelIntegratedComponent:63 - No mode defined for component null
2025-06-26 16:36:50,690 [WARN] ModelIntegratedComponent:63 - No mode defined for component null
2025-06-26 16:36:50,690 [WARN] ModelIntegratedComponent:63 - No mode defined for component null
2025-06-26 16:36:50,690 [WARN] ModelIntegratedComponent:63 - No mode defined for component null
2025-06-26 16:36:50,690 [WARN] ModelIntegratedComponent:63 - No mode defined for component null
2025-06-26 16:36:50,690 [WARN] ModelIntegratedComponent:63 - No mode defined for component null
2025-06-26 16:36:50,690 [WARN] ModelIntegratedComponent:63 - No mode defined for component null
2025-06-26 16:36:50,690 [WARN] ModelIntegratedComponent:63 - No mode defined for component null
2025-06-26 16:36:50,691 [WARN] ModelIntegratedComponent:63 - No mode defined for component null
2025-06-26 16:36:50,691 [WARN] ModelIntegratedComponent:63 - No mode defined for component null
2025-06-26 16:36:50,691 [WARN] ModelIntegratedComponent:63 - No mode defined for component null
2025-06-26 16:36:50,691 [WARN] ModelIntegratedComponent:63 - No mode defined for component null
2025-06-26 16:36:50,691 [WARN] ModelIntegratedComponent:63 - No mode defined for component null
2025-06-26 16:36:50,691 [WARN] ModelIntegratedComponent:63 - No mode defined for component null
2025-06-26 16:36:50,691 [WARN] ModelIntegratedComponent:63 - No mode defined for component null
2025-06-26 16:36:50,691 [WARN] ModelIntegratedComponent:63 - No mode defined for component null
2025-06-26 16:36:50,691 [WARN] ModelIntegratedComponent:63 - No mode defined for component null
2025-06-26 16:36:50,691 [WARN] ModelIntegratedComponent:63 - No mode defined for component null
2025-06-26 16:36:50,691 [WARN] ModelIntegratedComponent:63 - No mode defined for component null
2025-06-26 16:36:50,691 [WARN] ModelIntegratedComponent:63 - No mode defined for component null
2025-06-26 16:36:50,691 [WARN] ModelIntegratedComponent:63 - No mode defined for component null
2025-06-26 16:36:50,691 [WARN] ModelIntegratedComponent:63 - No mode defined for component null
2025-06-26 16:36:50,692 [WARN] ModelIntegratedComponent:63 - No mode defined for component null
2025-06-26 16:36:50,692 [WARN] ModelIntegratedComponent:63 - No mode defined for component null
2025-06-26 16:36:50,692 [WARN] ModelIntegratedComponent:63 - No mode defined for component null
2025-06-26 16:36:50,692 [WARN] ModelIntegratedComponent:63 - No mode defined for component null
2025-06-26 16:36:50,692 [WARN] ModelIntegratedComponent:63 - No mode defined for component null
2025-06-26 16:36:50,692 [WARN] ModelIntegratedComponent:63 - No mode defined for component null
2025-06-26 16:36:50,692 [WARN] ModelIntegratedComponent:63 - No mode defined for component null
2025-06-26 16:36:50,692 [WARN] ModelIntegratedComponent:63 - No mode defined for component null
2025-06-26 16:36:50,692 [WARN] ModelIntegratedComponent:63 - No mode defined for component null
2025-06-26 16:36:50,692 [WARN] ModelIntegratedComponent:63 - No mode defined for component null
2025-06-26 16:36:50,692 [WARN] ModelIntegratedComponent:63 - No mode defined for component null
2025-06-26 16:36:50,692 [WARN] ModelIntegratedComponent:63 - No mode defined for component null
2025-06-26 16:36:50,692 [WARN] ModelIntegratedComponent:63 - No mode defined for component null
2025-06-26 16:36:50,693 [WARN] ModelPack:524 - Component already loaded: STMicroelectronics:HAL Drivers:0.0.0:STMicroelectronics:Device:STMicro_Driver:XSPI:HAL::0.0.1:HAL_XSPI
2025-06-26 16:36:50,778 [WARN] ModelIntegratedComponent:182 - Modes not found for component STMicroelectronics:USB_DEVICE:1.0.0:STMicroelectronics:USB::USB Device:Audio HS::1.0:USB_DEVICE_1_0_RESTRICTED_HS
2025-06-26 16:36:50,779 [WARN] ModelIntegratedComponent:188 - Modes not found for component STMicroelectronics:USB_DEVICE:1.0.0:STMicroelectronics:USB::USB Device:Audio HS::1.0:USB_DEVICE_1_0_RESTRICTED_HS
2025-06-26 16:36:50,779 [WARN] ModelIntegratedComponent:182 - Modes not found for component STMicroelectronics:USB_DEVICE:1.0.0:STMicroelectronics:USB::USB Device:CDC HS::1.0:USB_DEVICE_1_0_RESTRICTED_HS
2025-06-26 16:36:50,779 [WARN] ModelIntegratedComponent:188 - Modes not found for component STMicroelectronics:USB_DEVICE:1.0.0:STMicroelectronics:USB::USB Device:CDC HS::1.0:USB_DEVICE_1_0_RESTRICTED_HS
2025-06-26 16:36:50,779 [WARN] ModelIntegratedComponent:182 - Modes not found for component STMicroelectronics:USB_DEVICE:1.0.0:STMicroelectronics:USB::USB Device:DFU HS::1.0:USB_DEVICE_1_0_RESTRICTED_HS
2025-06-26 16:36:50,779 [WARN] ModelIntegratedComponent:188 - Modes not found for component STMicroelectronics:USB_DEVICE:1.0.0:STMicroelectronics:USB::USB Device:DFU HS::1.0:USB_DEVICE_1_0_RESTRICTED_HS
2025-06-26 16:36:50,779 [WARN] ModelIntegratedComponent:182 - Modes not found for component STMicroelectronics:USB_DEVICE:1.0.0:STMicroelectronics:USB::USB Device:HID HS::1.0:USB_DEVICE_1_0_RESTRICTED_HS
2025-06-26 16:36:50,779 [WARN] ModelIntegratedComponent:188 - Modes not found for component STMicroelectronics:USB_DEVICE:1.0.0:STMicroelectronics:USB::USB Device:HID HS::1.0:USB_DEVICE_1_0_RESTRICTED_HS
2025-06-26 16:36:50,779 [WARN] ModelIntegratedComponent:182 - Modes not found for component STMicroelectronics:USB_DEVICE:1.0.0:STMicroelectronics:USB::USB Device:Custom HID HS::1.0:USB_DEVICE_1_0_RESTRICTED_HS
2025-06-26 16:36:50,779 [WARN] ModelIntegratedComponent:188 - Modes not found for component STMicroelectronics:USB_DEVICE:1.0.0:STMicroelectronics:USB::USB Device:Custom HID HS::1.0:USB_DEVICE_1_0_RESTRICTED_HS
2025-06-26 16:36:50,779 [WARN] ModelIntegratedComponent:182 - Modes not found for component STMicroelectronics:USB_DEVICE:1.0.0:STMicroelectronics:USB::USB Device:MSC HS::1.0:USB_DEVICE_1_0_RESTRICTED_HS
2025-06-26 16:36:50,779 [WARN] ModelIntegratedComponent:188 - Modes not found for component STMicroelectronics:USB_DEVICE:1.0.0:STMicroelectronics:USB::USB Device:MSC HS::1.0:USB_DEVICE_1_0_RESTRICTED_HS
2025-06-26 16:36:50,931 [WARN] ModelIntegratedComponent:182 - Modes not found for component STMicroelectronics:USB_HOST:1.0.0:STMicroelectronics:USB::USB Host:Audio HS::1.0:USB_HOST_1_0_RESTRICTED_HS
2025-06-26 16:36:50,931 [WARN] ModelIntegratedComponent:188 - Modes not found for component STMicroelectronics:USB_HOST:1.0.0:STMicroelectronics:USB::USB Host:Audio HS::1.0:USB_HOST_1_0_RESTRICTED_HS
2025-06-26 16:36:50,931 [WARN] ModelIntegratedComponent:182 - Modes not found for component STMicroelectronics:USB_HOST:1.0.0:STMicroelectronics:USB::USB Host:CDC HS::1.0:USB_HOST_1_0_RESTRICTED_HS
2025-06-26 16:36:50,931 [WARN] ModelIntegratedComponent:188 - Modes not found for component STMicroelectronics:USB_HOST:1.0.0:STMicroelectronics:USB::USB Host:CDC HS::1.0:USB_HOST_1_0_RESTRICTED_HS
2025-06-26 16:36:50,931 [WARN] ModelIntegratedComponent:182 - Modes not found for component STMicroelectronics:USB_HOST:1.0.0:STMicroelectronics:USB::USB Host:MSC HS::1.0:USB_HOST_1_0_RESTRICTED_HS
2025-06-26 16:36:50,932 [WARN] ModelIntegratedComponent:188 - Modes not found for component STMicroelectronics:USB_HOST:1.0.0:STMicroelectronics:USB::USB Host:MSC HS::1.0:USB_HOST_1_0_RESTRICTED_HS
2025-06-26 16:36:50,932 [WARN] ModelIntegratedComponent:182 - Modes not found for component STMicroelectronics:USB_HOST:1.0.0:STMicroelectronics:USB::USB Host:HID HS::1.0:USB_HOST_1_0_RESTRICTED_HS
2025-06-26 16:36:50,932 [WARN] ModelIntegratedComponent:188 - Modes not found for component STMicroelectronics:USB_HOST:1.0.0:STMicroelectronics:USB::USB Host:HID HS::1.0:USB_HOST_1_0_RESTRICTED_HS
2025-06-26 16:36:50,932 [WARN] ModelIntegratedComponent:182 - Modes not found for component STMicroelectronics:USB_HOST:1.0.0:STMicroelectronics:USB::USB Host:MTP HS::1.0:USB_HOST_1_0_RESTRICTED_HS
2025-06-26 16:36:50,932 [WARN] ModelIntegratedComponent:188 - Modes not found for component STMicroelectronics:USB_HOST:1.0.0:STMicroelectronics:USB::USB Host:MTP HS::1.0:USB_HOST_1_0_RESTRICTED_HS
2025-06-26 16:36:51,028 [INFO] ThirdPartyModel:298 - Start build external matchings
2025-06-26 16:36:53,166 [INFO] ThirdPartyModel:316 - End build external matchings
2025-06-26 16:36:53,655 [INFO] ApiDb:581 - Connected to CubeFinder SQLite database (C:\Users\LENOVO\.stmcufinder\plugins\mcufinder\mcu\cube-finder-db.db)
2025-06-26 16:36:53,732 [INFO] ApiDb:668 - CubeFinder database Data Model version=2.1
2025-06-26 16:36:53,733 [INFO] ApiDb:669 - CubeFinder database Configuration version=3.0.39
2025-06-26 16:36:53,734 [INFO] ApiDb:670 - CubeFinder database generation date=2025-04-23 (1745419778)
2025-06-26 16:36:53,734 [INFO] ApiDb:671 - CubeFinder database FW Pack versions=[FP-ATR-ASTRA1_V2.0.0, FP-SNS-FLIGHT1_V5.1.0, FP-SNS-MOTENV1_V5.0.0, FP-SNS-MOTENVWB1_V1.4.0, FP-SNS-SMARTAG2_V1.2.0, FP-SNS-STBOX1_V2.0.0, STM32Cube_FW_C0_V1.4.0, STM32Cube_FW_F4_V1.28.1, STM32Cube_FW_F7_V1.17.2, STM32Cube_FW_G0_V1.6.2, STM32Cube_FW_G4_V1.6.1, STM32Cube_FW_H5_V1.5.0, STM32Cube_FW_H7RS_V1.2.0, STM32Cube_FW_H7_V1.12.1, STM32Cube_FW_L0_V1.12.2, STM32Cube_FW_L4_V1.18.1, STM32Cube_FW_L5_V1.5.1, STM32Cube_FW_N6_V1.1.1, STM32Cube_FW_U0_V1.2.0, STM32Cube_FW_U3_V1.1.0, STM32Cube_FW_U5_V1.7.0, STM32Cube_FW_WB0_V1.2.0, STM32Cube_FW_WBA_V1.6.0, STM32Cube_FW_WB_V1.22.0, STM32Cube_FW_WL3_V1.1.0, STM32Cube_FW_WL_V1.3.1, X-CUBE-ALGOBUILD_V1.4.0, X-CUBE-ALS_V1.0.2, X-CUBE-AZRTOS-F4_V1.1.0, X-CUBE-AZRTOS-F7_V1.1.0, X-CUBE-AZRTOS-G0_V1.1.0, X-CUBE-AZRTOS-G4_V2.0.0, X-CUBE-AZRTOS-H7RS_V1.1.0, X-CUBE-AZRTOS-H7_V3.3.0, X-CUBE-AZRTOS-L4_V2.0.0, X-CUBE-AZRTOS-L5_V2.0.0, X-CUBE-AZRTOS-WB_V2.0.0, X-CUBE-AZRTOS-WL_V2.0.0, X-CUBE-BLE1_V7.1.0, X-CUBE-BLE2_V3.3.0, X-CUBE-BLEMGR_V4.0.0, X-CUBE-EEPRMA1_V5.1.0, X-CUBE-FREERTOS_V1.3.0, X-CUBE-GNSS1_V6.0.0, X-CUBE-MEMS1_V11.2.0, X-CUBE-NFC4_V3.0.0, X-CUBE-NFC7_V1.0.1, X-CUBE-SFXS2LP1_V4.0.0, X-CUBE-SUBG2_V5.0.0, X-CUBE-TOF1_V3.4.3]
2025-06-26 16:36:53,836 [INFO] DbBoardsSqlite:226 - include board P-NUCLEO-WB55-NUCLEO as a kit item of type 'Nucleo-64'
2025-06-26 16:36:53,837 [INFO] DbBoardsSqlite:226 - include board P-NUCLEO-WB55-USBDONGLE as a kit item of type 'Nucleo USB Dongle'
2025-06-26 16:36:53,837 [INFO] DbBoardsSqlite:226 - include board STEVAL-IDP005V1 as a kit item of type 'Evaluation Board'
2025-06-26 16:36:53,837 [INFO] DbBoardsSqlite:226 - include board STEVAL-IDP005V2 as a kit item of type 'Evaluation Board'
2025-06-26 16:36:54,088 [INFO] ApiDb:240 - Found 646 in-development CPN: [B-G473E-ZEST1S, B-WB1M-WPAN1, B-WL5M-SUBG1, NUCLEO-C031C6, NUCLEO-C071RB, NUCLEO-H503RB, NUCLEO-H533RE, NUCLEO-H563ZI, NUCLEO-H7S3L8, NUCLEO-U031R8, NUCLEO-U083RC, NUCLEO-U545RE-Q, NUCLEO-U5A5ZJ-Q, NUCLEO-WB05KZ, NUCLEO-WB07CC, NUCLEO-WB09KE, NUCLEO-WBA52CG, NUCLEO-WBA55CG, STEVAL-PROTEUS1, STEVAL-SMARTAG2, STEVAL-STWINBX1, STM320518-EVAL, STM32C0116-DK, STM32C011D6Y3TR, STM32C011D6Y6TR, STM32C011F4P3, STM32C011F4P6, STM32C011F4U3, STM32C011F4U6TR, STM32C011F6P3, STM32C011F6P6, STM32C011F6U3, STM32C011F6U6TR, STM32C011J4M3, STM32C011J4M6, STM32C011J6M3, STM32C011J6M6, STM32C0316-DK, STM32C031C4T3, STM32C031C4T6, STM32C031C4U3, STM32C031C4U6, STM32C031C6T3, STM32C031C6T6, STM32C031C6U3, STM32C031C6U6, STM32C031F4P3, STM32C031F4P6, STM32C031F6P3, STM32C031F6P6, STM32C031G4U3, STM32C031G4U6, STM32C031G6U3, STM32C031G6U6, STM32C031K4T3, STM32C031K4T6, STM32C031K4U3, STM32C031K4U6, STM32C031K6T3, STM32C031K6T6, STM32C031K6U3, STM32C031K6U6, STM32C071C8T6, STM32C071C8T6N, STM32C071C8U6, STM32C071C8U6N, STM32C071CBT6, STM32C071CBT6N, STM32C071CBU6, STM32C071CBU6N, STM32C071F8P6, STM32C071F8P6N, STM32C071FBP6, STM32C071FBP6N, STM32C071FBY6TR, STM32C071G8U6, STM32C071G8U6N, STM32C071GBU6, STM32C071GBU6N, STM32C071K8T6, STM32C071K8T6N, STM32C071K8U6, STM32C071K8U6N, STM32C071KBT6, STM32C071KBT6N, STM32C071KBU6, STM32C071KBU6N, STM32C071R8T6, STM32C071R8T6N, STM32C071RBI6N, STM32C071RBT6, STM32C071RBT6N, STM32G071K8TXN, STM32G071K8UXN, STM32G081GBU6N, STM32G081KBT6N, STM32G081KBUXN, STM32G0B1CCT6N, STM32G0B1KCT6, STM32G0B1NEY6TR, STM32G0B1RCT6N, STM32G0C1CCT6, STM32G0C1CCT6N, STM32G0C1CCU6N, STM32G0C1CET6N, STM32G0C1CEU6N, STM32G0C1KCT6, STM32G0C1NEY6TR, STM32G0C1RCI6N, STM32G0C1RCT6N, STM32G0C1REI6N, STM32G0C1RET6N, STM32G0C1VCI6, STM32G0C1VEI6, STM32G411C6T3, STM32G411C6T6, STM32G411C6U3, STM32G411C6U6, STM32G411C8T3, STM32G411C8T6, STM32G411C8U3, STM32G411C8U6, STM32G411CBT3, STM32G411CBT6, STM32G411CBU3, STM32G411CBU6, STM32G411K6T3, STM32G411K6T6, STM32G411K6U3, STM32G411K6U6, STM32G411K8T3, STM32G411K8T6, STM32G411K8U3, STM32G411K8U6, STM32G411KBT3, STM32G411KBT6, STM32G411KBU3, STM32G411KBU6, STM32G411M6T3, STM32G411M6T6, STM32G411M8T3, STM32G411M8T6, STM32G411MBT3, STM32G411MBT6, STM32G411R6T3, STM32G411R6T6, STM32G411R8T3, STM32G411R8T6, STM32G411RBT3, STM32G411RBT6, STM32G414CBT3, STM32G414CBT6, STM32G414CBU3, STM32G414CBU6, STM32G414CCT3, STM32G414CCT6, STM32G414CCU3, STM32G414CCU6, STM32G414MBT3, STM32G414MBT6, STM32G414MCT3, STM32G414MCT6, STM32G414RBT3, STM32G414RBT6, STM32G414RCT3, STM32G414RCT6, STM32G414VBT3, STM32G414VBT6, STM32G414VCT3, STM32G414VCT6, STM32G431CBT3Z, STM32G431RBT3Z, STM32G471CCT6, STM32G471CCU6, STM32G471CET3, STM32G471CET6, STM32G471CEU3, STM32G471CEU6, STM32G471MCT6, STM32G471MET3, STM32G471MET6, STM32G471MEY6TR, STM32G471QCT6, STM32G471QET3, STM32G471RCT6, STM32G471RET3, STM32G471RET6, STM32G471VCH6, STM32G471VCI6, STM32G471VCT6, STM32G471VEH3, STM32G471VEH6, STM32G471VEI3, STM32G471VEI6, STM32G471VET3, STM32G471VET6, STM32G473QET3Z, STM32G473RET3Z, STM32G474CCT6, STM32G491RET3Z, STM32H503CBT6, STM32H503CBU6, STM32H503EBY6TR, STM32H503KBU6, STM32H503RBT6, STM32H523CCT6, STM32H523CCU6, STM32H523CET6, STM32H523CEU6, STM32H523HEY6TR, STM32H523RCT6, STM32H523RET6, STM32H523VCI6, STM32H523VCT6, STM32H523VEI6, STM32H523VET6, STM32H523ZCJ6, STM32H523ZCT6, STM32H523ZEJ6, STM32H523ZET6, STM32H533CET6, STM32H533CEU6, STM32H533HEY6TR, STM32H533RET6, STM32H533VEI6, STM32H533VET6, STM32H533ZEJ6, STM32H533ZET6, STM32H562AGI6, STM32H562AII6, STM32H562IGK6, STM32H562IGT6, STM32H562IIK6, STM32H562IIT6, STM32H562RGT6, STM32H562RGV6, STM32H562RIT6, STM32H562RIV6, STM32H562VGT6, STM32H562VIT6, STM32H562ZGT6, STM32H562ZIT6, STM32H563AGI6, STM32H563AII3Q, STM32H563AII6, STM32H563IGK6, STM32H563IGT6, STM32H563IIK3Q, STM32H563IIK6, STM32H563IIT3Q, STM32H563IIT6, STM32H563MIY3QTR, STM32H563RGT6, STM32H563RGV6, STM32H563RIT6, STM32H563RIV6, STM32H563VGT6, STM32H563VIT3Q, STM32H563VIT6, STM32H563ZGT6, STM32H563ZIT3Q, STM32H563ZIT6, STM32H573AII3Q, STM32H573AII6, STM32H573I-DK, STM32H573IIK3Q, STM32H573IIK6, STM32H573IIT3Q, STM32H573IIT6, STM32H573MIY3QTR, STM32H573RIT6, STM32H573RIV6, STM32H573VIT3Q, STM32H573VIT6, STM32H573ZIT3Q, STM32H573ZIT6, STM32H7R3A8I6, STM32H7R3I8K6, STM32H7R3I8T6, STM32H7R3L8H6, STM32H7R3L8H6H, STM32H7R3R8V6, STM32H7R3V8H6, STM32H7R3V8T6, STM32H7R3V8Y6TR, STM32H7R3Z8J6, STM32H7R3Z8T6, STM32H7R7A8I6, STM32H7R7I8K6, STM32H7R7I8T6, STM32H7R7L8H6, STM32H7R7L8H6H, STM32H7R7Z8J6, STM32H7S3A8I6, STM32H7S3I8K6, STM32H7S3I8T6, STM32H7S3L8H6, STM32H7S3L8H6H, STM32H7S3R8V6, STM32H7S3V8H6, STM32H7S3V8T6, STM32H7S3V8Y6TR, STM32H7S3Z8J6, STM32H7S3Z8T6, STM32H7S78-DK, STM32H7S7A8I6, STM32H7S7I8K6, STM32H7S7I8T6, STM32H7S7L8H6, STM32H7S7L8H6H, STM32H7S7Z8J6, STM32L4R5QGI6STR, STM32MP131AAE3, STM32MP131AAF3, STM32MP131AAG3, STM32MP131CAE3, STM32MP131CAF3, STM32MP131CAG3, STM32MP131DAE7, STM32MP131DAF7, STM32MP131DAG7, STM32MP131FAE7, STM32MP131FAF7, STM32MP131FAG7, STM32MP133AAE3, STM32MP133AAF3, STM32MP133AAG3, STM32MP133CAE3, STM32MP133CAF3, STM32MP133CAG3, STM32MP133DAE7, STM32MP133DAF7, STM32MP133DAG7, STM32MP133FAE7, STM32MP133FAF7, STM32MP133FAG7, STM32MP135AAE3, STM32MP135AAF3, STM32MP135AAG3, STM32MP135CAE3, STM32MP135CAF3, STM32MP135CAG3, STM32MP135DAE7, STM32MP135DAF7, STM32MP135DAG7, STM32MP135F-DK, STM32MP135FAE7, STM32MP135FAF7, STM32MP135FAF7T, STM32MP135FAF7U, STM32MP135FAG7, STM32MP251AAI3, STM32MP251AAK3, STM32MP251AAL3, STM32MP251CAI3, STM32MP251CAK3, STM32MP251CAL3, STM32MP251DAI3, STM32MP251DAK3, STM32MP251DAL3, STM32MP251FAI3, STM32MP251FAK3, STM32MP251FAL3, STM32MP253AAI3, STM32MP253AAK3, STM32MP253AAL3, STM32MP253CAI3, STM32MP253CAK3, STM32MP253CAL3, STM32MP253DAI3, STM32MP253DAK3, STM32MP253DAL3, STM32MP253FAI3, STM32MP253FAK3, STM32MP253FAL3, STM32MP255AAI3, STM32MP255AAK3, STM32MP255AAL3, STM32MP255CAI3, STM32MP255CAK3, STM32MP255CAL3, STM32MP255DAI3, STM32MP255DAK3, STM32MP255DAL3, STM32MP255FAI3, STM32MP255FAK3, STM32MP255FAL3, STM32MP257AAI3, STM32MP257AAK3, STM32MP257AAL3, STM32MP257CAI3, STM32MP257CAK3, STM32MP257CAL3, STM32MP257DAI3, STM32MP257DAK3, STM32MP257DAL3, STM32MP257F-DK, STM32MP257F-EV1, STM32MP257FAI3, STM32MP257FAK3, STM32MP257FAL3, STM32U031C6T6, STM32U031C6U6, STM32U031C8T6, STM32U031C8U6, STM32U031F4P6, STM32U031F6P6, STM32U031F8P6, STM32U031G6Y6TR, STM32U031G8Y6TR, STM32U031K4U6, STM32U031K6U6, STM32U031K8U6, STM32U031R6I6, STM32U031R6T6, STM32U031R8I6, STM32U031R8T6, STM32U073C8T6, STM32U073C8U6, STM32U073CBT6, STM32U073CBU6, STM32U073CCT6, STM32U073CCU6, STM32U073H8Y6TR, STM32U073HBY6TR, STM32U073HCY6TR, STM32U073K8U6, STM32U073KBU6, STM32U073KCU6, STM32U073M8I6, STM32U073M8T6, STM32U073MBI6, STM32U073MBT6, STM32U073MCI6, STM32U073MCT6, STM32U073R8I6, STM32U073R8T6, STM32U073RBI6, STM32U073RBT6, STM32U073RCI6, STM32U073RCT6, STM32U083C-DK, STM32U083CCT6, STM32U083CCU6, STM32U083HCY6TR, STM32U083KCU6, STM32U083MCI6, STM32U083MCT6, STM32U083RCI6, STM32U083RCT6, STM32U535CBT6, STM32U535CBT6Q, STM32U535CBU6, STM32U535CBU6Q, STM32U535CCT6, STM32U535CCT6Q, STM32U535CCU6, STM32U535CCU6Q, STM32U535CET6, STM32U535CET6Q, STM32U535CEU6, STM32U535CEU6Q, STM32U535JEY6QTR, STM32U535NCY6QTR, STM32U535NEY6QTR, STM32U535RBI6, STM32U535RBI6Q, STM32U535RBT6, STM32U535RBT6Q, STM32U535RCI6, STM32U535RCI6Q, STM32U535RCT6, STM32U535RCT6Q, STM32U535REI6, STM32U535REI6Q, STM32U535RET6, STM32U535RET6Q, STM32U535VCI6, STM32U535VCI6Q, STM32U535VCT6, STM32U535VCT6Q, STM32U535VEI6, STM32U535VEI6Q, STM32U535VET6, STM32U535VET6Q, STM32U545CET6, STM32U545CET6Q, STM32U545CEU6, STM32U545CEU6Q, STM32U545JEY6QTR, STM32U545NEY6QTR, STM32U545REI6, STM32U545REI6Q, STM32U545RET6, STM32U545RET6Q, STM32U545VEI6, STM32U545VEI6Q, STM32U545VET6, STM32U545VET6Q, STM32U595AIH6, STM32U595AIH6Q, STM32U595AJH6, STM32U595AJH6Q, STM32U595QII6, STM32U595QII6Q, STM32U595QJI6, STM32U595QJI6Q, STM32U595RIT6, STM32U595RIT6Q, STM32U595RJT6, STM32U595RJT6Q, STM32U595VIT6, STM32U595VIT6Q, STM32U595VJT6, STM32U595VJT6Q, STM32U595ZIT6, STM32U595ZIT6Q, STM32U595ZIY6QTR, STM32U595ZJT6, STM32U595ZJT6Q, STM32U595ZJY6QTR, STM32U599BJY6QTR, STM32U599NIH6Q, STM32U599NJH6Q, STM32U599VIT6Q, STM32U599VJT6, STM32U599VJT6Q, STM32U599ZIT6Q, STM32U599ZIY6QTR, STM32U599ZJT6Q, STM32U599ZJY6QTR, STM32U5A5AJH6, STM32U5A5AJH6Q, STM32U5A5QII3Q , STM32U5A5QJI6, STM32U5A5QJI6Q, STM32U5A5RJT6, STM32U5A5RJT6Q, STM32U5A5VJT6, STM32U5A5VJT6Q, STM32U5A5ZJT6, STM32U5A5ZJT6Q, STM32U5A5ZJY6QTR, STM32U5A9BJY6QTR, STM32U5A9J-DK, STM32U5A9NJH6Q, STM32U5A9VJT6Q, STM32U5A9ZJT6Q, STM32U5A9ZJY6QTR, STM32U5F7VIT6, STM32U5F7VIT6Q, STM32U5F7VJT6, STM32U5F7VJT6Q, STM32U5F9BJY6QTR, STM32U5F9NJH6Q, STM32U5F9VIT6Q, STM32U5F9VJT6Q, STM32U5F9ZIJ6QTR, STM32U5F9ZIT6Q, STM32U5F9ZJJ6QTR, STM32U5F9ZJT6Q, STM32U5G7VJT6, STM32U5G7VJT6Q, STM32U5G9BJY6QTR, STM32U5G9J-DK1, STM32U5G9J-DK2, STM32U5G9NJH6Q, STM32U5G9VJT6Q, STM32U5G9ZJJ6QTR, STM32U5G9ZJT6Q, STM32WB05KZV6TR, STM32WB05KZV7TR, STM32WB05TZF6TR, STM32WB05TZF7TR, STM32WB06CCF6TR, STM32WB06CCF7TR, STM32WB06CCV6TR, STM32WB06CCV7TR, STM32WB06KCV6TR, STM32WB06KCV7TR, STM32WB07CCF6TR, STM32WB07CCF7TR, STM32WB07CCV6TR, STM32WB07CCV7TR, STM32WB07KCV6TR, STM32WB07KCV7TR, STM32WB09KEV6TR, STM32WB09KEV7TR, STM32WB09TEF6TR, STM32WB09TEF7TR, STM32WB1MMCH6, STM32WBA50KGU6, STM32WBA50KGU6TR, STM32WBA52CEU6, STM32WBA52CEU6TR, STM32WBA52CEU7, STM32WBA52CEU7TR, STM32WBA52CGU6, STM32WBA52CGU6TR, STM32WBA52CGU6U, STM32WBA52CGU7, STM32WBA52CGU7TR, STM32WBA52KEU6, STM32WBA52KEU6TR, STM32WBA52KGU6, STM32WBA52KGU6TR, STM32WBA54CEU6, STM32WBA54CEU6TR, STM32WBA54CEU7, STM32WBA54CEU7TR, STM32WBA54CGU6, STM32WBA54CGU6TR, STM32WBA54CGU7, STM32WBA54CGU7TR, STM32WBA54KEU6, STM32WBA54KEU6TR, STM32WBA54KEU7, STM32WBA54KEU7TR, STM32WBA54KGU6, STM32WBA54KGU6TR, STM32WBA54KGU7, STM32WBA54KGU7TR, STM32WBA55CEU6, STM32WBA55CEU6TR, STM32WBA55CEU7, STM32WBA55CEU7TR, STM32WBA55CGU6, STM32WBA55CGU6TR, STM32WBA55CGU6U, STM32WBA55CGU7, STM32WBA55CGU7TR, STM32WBA55G-DK1, STM32WBA55HEF6, STM32WBA55HEF7, STM32WBA55HGF6, STM32WBA55HGF7, STM32WBA55UEI6, STM32WBA55UEI6TR, STM32WBA55UEI7, STM32WBA55UEI7TR, STM32WBA55UGI6, STM32WBA55UGI6TR, STM32WBA55UGI7, STM32WBA55UGI7TR, STM32WL5MOCH6, STM32WL5MOCH6TR]
2025-06-26 16:36:54,092 [INFO] ApiDb:668 - CubeFinder database Data Model version=2.1
2025-06-26 16:36:54,092 [INFO] ApiDb:669 - CubeFinder database Configuration version=3.0.39
2025-06-26 16:36:54,092 [INFO] ApiDb:670 - CubeFinder database generation date=2025-04-23 (1745419778)
2025-06-26 16:36:54,092 [INFO] ApiDb:671 - CubeFinder database FW Pack versions=[FP-ATR-ASTRA1_V2.0.0, FP-SNS-FLIGHT1_V5.1.0, FP-SNS-MOTENV1_V5.0.0, FP-SNS-MOTENVWB1_V1.4.0, FP-SNS-SMARTAG2_V1.2.0, FP-SNS-STBOX1_V2.0.0, STM32Cube_FW_C0_V1.4.0, STM32Cube_FW_F4_V1.28.1, STM32Cube_FW_F7_V1.17.2, STM32Cube_FW_G0_V1.6.2, STM32Cube_FW_G4_V1.6.1, STM32Cube_FW_H5_V1.5.0, STM32Cube_FW_H7RS_V1.2.0, STM32Cube_FW_H7_V1.12.1, STM32Cube_FW_L0_V1.12.2, STM32Cube_FW_L4_V1.18.1, STM32Cube_FW_L5_V1.5.1, STM32Cube_FW_N6_V1.1.1, STM32Cube_FW_U0_V1.2.0, STM32Cube_FW_U3_V1.1.0, STM32Cube_FW_U5_V1.7.0, STM32Cube_FW_WB0_V1.2.0, STM32Cube_FW_WBA_V1.6.0, STM32Cube_FW_WB_V1.22.0, STM32Cube_FW_WL3_V1.1.0, STM32Cube_FW_WL_V1.3.1, X-CUBE-ALGOBUILD_V1.4.0, X-CUBE-ALS_V1.0.2, X-CUBE-AZRTOS-F4_V1.1.0, X-CUBE-AZRTOS-F7_V1.1.0, X-CUBE-AZRTOS-G0_V1.1.0, X-CUBE-AZRTOS-G4_V2.0.0, X-CUBE-AZRTOS-H7RS_V1.1.0, X-CUBE-AZRTOS-H7_V3.3.0, X-CUBE-AZRTOS-L4_V2.0.0, X-CUBE-AZRTOS-L5_V2.0.0, X-CUBE-AZRTOS-WB_V2.0.0, X-CUBE-AZRTOS-WL_V2.0.0, X-CUBE-BLE1_V7.1.0, X-CUBE-BLE2_V3.3.0, X-CUBE-BLEMGR_V4.0.0, X-CUBE-EEPRMA1_V5.1.0, X-CUBE-FREERTOS_V1.3.0, X-CUBE-GNSS1_V6.0.0, X-CUBE-MEMS1_V11.2.0, X-CUBE-NFC4_V3.0.0, X-CUBE-NFC7_V1.0.1, X-CUBE-SFXS2LP1_V4.0.0, X-CUBE-SUBG2_V5.0.0, X-CUBE-TOF1_V3.4.3]
2025-06-26 16:36:56,221 [INFO] ApiDb:240 - Found 646 in-development CPN: [B-G473E-ZEST1S, B-WB1M-WPAN1, B-WL5M-SUBG1, NUCLEO-C031C6, NUCLEO-C071RB, NUCLEO-H503RB, NUCLEO-H533RE, NUCLEO-H563ZI, NUCLEO-H7S3L8, NUCLEO-U031R8, NUCLEO-U083RC, NUCLEO-U545RE-Q, NUCLEO-U5A5ZJ-Q, NUCLEO-WB05KZ, NUCLEO-WB07CC, NUCLEO-WB09KE, NUCLEO-WBA52CG, NUCLEO-WBA55CG, STEVAL-PROTEUS1, STEVAL-SMARTAG2, STEVAL-STWINBX1, STM320518-EVAL, STM32C0116-DK, STM32C011D6Y3TR, STM32C011D6Y6TR, STM32C011F4P3, STM32C011F4P6, STM32C011F4U3, STM32C011F4U6TR, STM32C011F6P3, STM32C011F6P6, STM32C011F6U3, STM32C011F6U6TR, STM32C011J4M3, STM32C011J4M6, STM32C011J6M3, STM32C011J6M6, STM32C0316-DK, STM32C031C4T3, STM32C031C4T6, STM32C031C4U3, STM32C031C4U6, STM32C031C6T3, STM32C031C6T6, STM32C031C6U3, STM32C031C6U6, STM32C031F4P3, STM32C031F4P6, STM32C031F6P3, STM32C031F6P6, STM32C031G4U3, STM32C031G4U6, STM32C031G6U3, STM32C031G6U6, STM32C031K4T3, STM32C031K4T6, STM32C031K4U3, STM32C031K4U6, STM32C031K6T3, STM32C031K6T6, STM32C031K6U3, STM32C031K6U6, STM32C071C8T6, STM32C071C8T6N, STM32C071C8U6, STM32C071C8U6N, STM32C071CBT6, STM32C071CBT6N, STM32C071CBU6, STM32C071CBU6N, STM32C071F8P6, STM32C071F8P6N, STM32C071FBP6, STM32C071FBP6N, STM32C071FBY6TR, STM32C071G8U6, STM32C071G8U6N, STM32C071GBU6, STM32C071GBU6N, STM32C071K8T6, STM32C071K8T6N, STM32C071K8U6, STM32C071K8U6N, STM32C071KBT6, STM32C071KBT6N, STM32C071KBU6, STM32C071KBU6N, STM32C071R8T6, STM32C071R8T6N, STM32C071RBI6N, STM32C071RBT6, STM32C071RBT6N, STM32G071K8TXN, STM32G071K8UXN, STM32G081GBU6N, STM32G081KBT6N, STM32G081KBUXN, STM32G0B1CCT6N, STM32G0B1KCT6, STM32G0B1NEY6TR, STM32G0B1RCT6N, STM32G0C1CCT6, STM32G0C1CCT6N, STM32G0C1CCU6N, STM32G0C1CET6N, STM32G0C1CEU6N, STM32G0C1KCT6, STM32G0C1NEY6TR, STM32G0C1RCI6N, STM32G0C1RCT6N, STM32G0C1REI6N, STM32G0C1RET6N, STM32G0C1VCI6, STM32G0C1VEI6, STM32G411C6T3, STM32G411C6T6, STM32G411C6U3, STM32G411C6U6, STM32G411C8T3, STM32G411C8T6, STM32G411C8U3, STM32G411C8U6, STM32G411CBT3, STM32G411CBT6, STM32G411CBU3, STM32G411CBU6, STM32G411K6T3, STM32G411K6T6, STM32G411K6U3, STM32G411K6U6, STM32G411K8T3, STM32G411K8T6, STM32G411K8U3, STM32G411K8U6, STM32G411KBT3, STM32G411KBT6, STM32G411KBU3, STM32G411KBU6, STM32G411M6T3, STM32G411M6T6, STM32G411M8T3, STM32G411M8T6, STM32G411MBT3, STM32G411MBT6, STM32G411R6T3, STM32G411R6T6, STM32G411R8T3, STM32G411R8T6, STM32G411RBT3, STM32G411RBT6, STM32G414CBT3, STM32G414CBT6, STM32G414CBU3, STM32G414CBU6, STM32G414CCT3, STM32G414CCT6, STM32G414CCU3, STM32G414CCU6, STM32G414MBT3, STM32G414MBT6, STM32G414MCT3, STM32G414MCT6, STM32G414RBT3, STM32G414RBT6, STM32G414RCT3, STM32G414RCT6, STM32G414VBT3, STM32G414VBT6, STM32G414VCT3, STM32G414VCT6, STM32G431CBT3Z, STM32G431RBT3Z, STM32G471CCT6, STM32G471CCU6, STM32G471CET3, STM32G471CET6, STM32G471CEU3, STM32G471CEU6, STM32G471MCT6, STM32G471MET3, STM32G471MET6, STM32G471MEY6TR, STM32G471QCT6, STM32G471QET3, STM32G471RCT6, STM32G471RET3, STM32G471RET6, STM32G471VCH6, STM32G471VCI6, STM32G471VCT6, STM32G471VEH3, STM32G471VEH6, STM32G471VEI3, STM32G471VEI6, STM32G471VET3, STM32G471VET6, STM32G473QET3Z, STM32G473RET3Z, STM32G474CCT6, STM32G491RET3Z, STM32H503CBT6, STM32H503CBU6, STM32H503EBY6TR, STM32H503KBU6, STM32H503RBT6, STM32H523CCT6, STM32H523CCU6, STM32H523CET6, STM32H523CEU6, STM32H523HEY6TR, STM32H523RCT6, STM32H523RET6, STM32H523VCI6, STM32H523VCT6, STM32H523VEI6, STM32H523VET6, STM32H523ZCJ6, STM32H523ZCT6, STM32H523ZEJ6, STM32H523ZET6, STM32H533CET6, STM32H533CEU6, STM32H533HEY6TR, STM32H533RET6, STM32H533VEI6, STM32H533VET6, STM32H533ZEJ6, STM32H533ZET6, STM32H562AGI6, STM32H562AII6, STM32H562IGK6, STM32H562IGT6, STM32H562IIK6, STM32H562IIT6, STM32H562RGT6, STM32H562RGV6, STM32H562RIT6, STM32H562RIV6, STM32H562VGT6, STM32H562VIT6, STM32H562ZGT6, STM32H562ZIT6, STM32H563AGI6, STM32H563AII3Q, STM32H563AII6, STM32H563IGK6, STM32H563IGT6, STM32H563IIK3Q, STM32H563IIK6, STM32H563IIT3Q, STM32H563IIT6, STM32H563MIY3QTR, STM32H563RGT6, STM32H563RGV6, STM32H563RIT6, STM32H563RIV6, STM32H563VGT6, STM32H563VIT3Q, STM32H563VIT6, STM32H563ZGT6, STM32H563ZIT3Q, STM32H563ZIT6, STM32H573AII3Q, STM32H573AII6, STM32H573I-DK, STM32H573IIK3Q, STM32H573IIK6, STM32H573IIT3Q, STM32H573IIT6, STM32H573MIY3QTR, STM32H573RIT6, STM32H573RIV6, STM32H573VIT3Q, STM32H573VIT6, STM32H573ZIT3Q, STM32H573ZIT6, STM32H7R3A8I6, STM32H7R3I8K6, STM32H7R3I8T6, STM32H7R3L8H6, STM32H7R3L8H6H, STM32H7R3R8V6, STM32H7R3V8H6, STM32H7R3V8T6, STM32H7R3V8Y6TR, STM32H7R3Z8J6, STM32H7R3Z8T6, STM32H7R7A8I6, STM32H7R7I8K6, STM32H7R7I8T6, STM32H7R7L8H6, STM32H7R7L8H6H, STM32H7R7Z8J6, STM32H7S3A8I6, STM32H7S3I8K6, STM32H7S3I8T6, STM32H7S3L8H6, STM32H7S3L8H6H, STM32H7S3R8V6, STM32H7S3V8H6, STM32H7S3V8T6, STM32H7S3V8Y6TR, STM32H7S3Z8J6, STM32H7S3Z8T6, STM32H7S78-DK, STM32H7S7A8I6, STM32H7S7I8K6, STM32H7S7I8T6, STM32H7S7L8H6, STM32H7S7L8H6H, STM32H7S7Z8J6, STM32L4R5QGI6STR, STM32MP131AAE3, STM32MP131AAF3, STM32MP131AAG3, STM32MP131CAE3, STM32MP131CAF3, STM32MP131CAG3, STM32MP131DAE7, STM32MP131DAF7, STM32MP131DAG7, STM32MP131FAE7, STM32MP131FAF7, STM32MP131FAG7, STM32MP133AAE3, STM32MP133AAF3, STM32MP133AAG3, STM32MP133CAE3, STM32MP133CAF3, STM32MP133CAG3, STM32MP133DAE7, STM32MP133DAF7, STM32MP133DAG7, STM32MP133FAE7, STM32MP133FAF7, STM32MP133FAG7, STM32MP135AAE3, STM32MP135AAF3, STM32MP135AAG3, STM32MP135CAE3, STM32MP135CAF3, STM32MP135CAG3, STM32MP135DAE7, STM32MP135DAF7, STM32MP135DAG7, STM32MP135F-DK, STM32MP135FAE7, STM32MP135FAF7, STM32MP135FAF7T, STM32MP135FAF7U, STM32MP135FAG7, STM32MP251AAI3, STM32MP251AAK3, STM32MP251AAL3, STM32MP251CAI3, STM32MP251CAK3, STM32MP251CAL3, STM32MP251DAI3, STM32MP251DAK3, STM32MP251DAL3, STM32MP251FAI3, STM32MP251FAK3, STM32MP251FAL3, STM32MP253AAI3, STM32MP253AAK3, STM32MP253AAL3, STM32MP253CAI3, STM32MP253CAK3, STM32MP253CAL3, STM32MP253DAI3, STM32MP253DAK3, STM32MP253DAL3, STM32MP253FAI3, STM32MP253FAK3, STM32MP253FAL3, STM32MP255AAI3, STM32MP255AAK3, STM32MP255AAL3, STM32MP255CAI3, STM32MP255CAK3, STM32MP255CAL3, STM32MP255DAI3, STM32MP255DAK3, STM32MP255DAL3, STM32MP255FAI3, STM32MP255FAK3, STM32MP255FAL3, STM32MP257AAI3, STM32MP257AAK3, STM32MP257AAL3, STM32MP257CAI3, STM32MP257CAK3, STM32MP257CAL3, STM32MP257DAI3, STM32MP257DAK3, STM32MP257DAL3, STM32MP257F-DK, STM32MP257F-EV1, STM32MP257FAI3, STM32MP257FAK3, STM32MP257FAL3, STM32U031C6T6, STM32U031C6U6, STM32U031C8T6, STM32U031C8U6, STM32U031F4P6, STM32U031F6P6, STM32U031F8P6, STM32U031G6Y6TR, STM32U031G8Y6TR, STM32U031K4U6, STM32U031K6U6, STM32U031K8U6, STM32U031R6I6, STM32U031R6T6, STM32U031R8I6, STM32U031R8T6, STM32U073C8T6, STM32U073C8U6, STM32U073CBT6, STM32U073CBU6, STM32U073CCT6, STM32U073CCU6, STM32U073H8Y6TR, STM32U073HBY6TR, STM32U073HCY6TR, STM32U073K8U6, STM32U073KBU6, STM32U073KCU6, STM32U073M8I6, STM32U073M8T6, STM32U073MBI6, STM32U073MBT6, STM32U073MCI6, STM32U073MCT6, STM32U073R8I6, STM32U073R8T6, STM32U073RBI6, STM32U073RBT6, STM32U073RCI6, STM32U073RCT6, STM32U083C-DK, STM32U083CCT6, STM32U083CCU6, STM32U083HCY6TR, STM32U083KCU6, STM32U083MCI6, STM32U083MCT6, STM32U083RCI6, STM32U083RCT6, STM32U535CBT6, STM32U535CBT6Q, STM32U535CBU6, STM32U535CBU6Q, STM32U535CCT6, STM32U535CCT6Q, STM32U535CCU6, STM32U535CCU6Q, STM32U535CET6, STM32U535CET6Q, STM32U535CEU6, STM32U535CEU6Q, STM32U535JEY6QTR, STM32U535NCY6QTR, STM32U535NEY6QTR, STM32U535RBI6, STM32U535RBI6Q, STM32U535RBT6, STM32U535RBT6Q, STM32U535RCI6, STM32U535RCI6Q, STM32U535RCT6, STM32U535RCT6Q, STM32U535REI6, STM32U535REI6Q, STM32U535RET6, STM32U535RET6Q, STM32U535VCI6, STM32U535VCI6Q, STM32U535VCT6, STM32U535VCT6Q, STM32U535VEI6, STM32U535VEI6Q, STM32U535VET6, STM32U535VET6Q, STM32U545CET6, STM32U545CET6Q, STM32U545CEU6, STM32U545CEU6Q, STM32U545JEY6QTR, STM32U545NEY6QTR, STM32U545REI6, STM32U545REI6Q, STM32U545RET6, STM32U545RET6Q, STM32U545VEI6, STM32U545VEI6Q, STM32U545VET6, STM32U545VET6Q, STM32U595AIH6, STM32U595AIH6Q, STM32U595AJH6, STM32U595AJH6Q, STM32U595QII6, STM32U595QII6Q, STM32U595QJI6, STM32U595QJI6Q, STM32U595RIT6, STM32U595RIT6Q, STM32U595RJT6, STM32U595RJT6Q, STM32U595VIT6, STM32U595VIT6Q, STM32U595VJT6, STM32U595VJT6Q, STM32U595ZIT6, STM32U595ZIT6Q, STM32U595ZIY6QTR, STM32U595ZJT6, STM32U595ZJT6Q, STM32U595ZJY6QTR, STM32U599BJY6QTR, STM32U599NIH6Q, STM32U599NJH6Q, STM32U599VIT6Q, STM32U599VJT6, STM32U599VJT6Q, STM32U599ZIT6Q, STM32U599ZIY6QTR, STM32U599ZJT6Q, STM32U599ZJY6QTR, STM32U5A5AJH6, STM32U5A5AJH6Q, STM32U5A5QII3Q , STM32U5A5QJI6, STM32U5A5QJI6Q, STM32U5A5RJT6, STM32U5A5RJT6Q, STM32U5A5VJT6, STM32U5A5VJT6Q, STM32U5A5ZJT6, STM32U5A5ZJT6Q, STM32U5A5ZJY6QTR, STM32U5A9BJY6QTR, STM32U5A9J-DK, STM32U5A9NJH6Q, STM32U5A9VJT6Q, STM32U5A9ZJT6Q, STM32U5A9ZJY6QTR, STM32U5F7VIT6, STM32U5F7VIT6Q, STM32U5F7VJT6, STM32U5F7VJT6Q, STM32U5F9BJY6QTR, STM32U5F9NJH6Q, STM32U5F9VIT6Q, STM32U5F9VJT6Q, STM32U5F9ZIJ6QTR, STM32U5F9ZIT6Q, STM32U5F9ZJJ6QTR, STM32U5F9ZJT6Q, STM32U5G7VJT6, STM32U5G7VJT6Q, STM32U5G9BJY6QTR, STM32U5G9J-DK1, STM32U5G9J-DK2, STM32U5G9NJH6Q, STM32U5G9VJT6Q, STM32U5G9ZJJ6QTR, STM32U5G9ZJT6Q, STM32WB05KZV6TR, STM32WB05KZV7TR, STM32WB05TZF6TR, STM32WB05TZF7TR, STM32WB06CCF6TR, STM32WB06CCF7TR, STM32WB06CCV6TR, STM32WB06CCV7TR, STM32WB06KCV6TR, STM32WB06KCV7TR, STM32WB07CCF6TR, STM32WB07CCF7TR, STM32WB07CCV6TR, STM32WB07CCV7TR, STM32WB07KCV6TR, STM32WB07KCV7TR, STM32WB09KEV6TR, STM32WB09KEV7TR, STM32WB09TEF6TR, STM32WB09TEF7TR, STM32WB1MMCH6, STM32WBA50KGU6, STM32WBA50KGU6TR, STM32WBA52CEU6, STM32WBA52CEU6TR, STM32WBA52CEU7, STM32WBA52CEU7TR, STM32WBA52CGU6, STM32WBA52CGU6TR, STM32WBA52CGU6U, STM32WBA52CGU7, STM32WBA52CGU7TR, STM32WBA52KEU6, STM32WBA52KEU6TR, STM32WBA52KGU6, STM32WBA52KGU6TR, STM32WBA54CEU6, STM32WBA54CEU6TR, STM32WBA54CEU7, STM32WBA54CEU7TR, STM32WBA54CGU6, STM32WBA54CGU6TR, STM32WBA54CGU7, STM32WBA54CGU7TR, STM32WBA54KEU6, STM32WBA54KEU6TR, STM32WBA54KEU7, STM32WBA54KEU7TR, STM32WBA54KGU6, STM32WBA54KGU6TR, STM32WBA54KGU7, STM32WBA54KGU7TR, STM32WBA55CEU6, STM32WBA55CEU6TR, STM32WBA55CEU7, STM32WBA55CEU7TR, STM32WBA55CGU6, STM32WBA55CGU6TR, STM32WBA55CGU6U, STM32WBA55CGU7, STM32WBA55CGU7TR, STM32WBA55G-DK1, STM32WBA55HEF6, STM32WBA55HEF7, STM32WBA55HGF6, STM32WBA55HGF7, STM32WBA55UEI6, STM32WBA55UEI6TR, STM32WBA55UEI7, STM32WBA55UEI7TR, STM32WBA55UGI6, STM32WBA55UGI6TR, STM32WBA55UGI7, STM32WBA55UGI7TR, STM32WL5MOCH6, STM32WL5MOCH6TR]
2025-06-26 16:36:56,226 [INFO] DbMcus:218 - Found 4657 MCUs, 4657 are supported
2025-06-26 16:36:56,226 [INFO] ApiDb:423 - Load user favorites file C:\Users\LENOVO/.stm32cubeide/favorites.mcus.txt: 0 item(s)
2025-06-26 16:36:56,226 [INFO] ApiDb:427 - User favorites MCUs=[]
2025-06-26 16:36:56,226 [INFO] DbMcus:224 - Set 0 / 0 favorites MCUs
2025-06-26 16:36:56,643 [INFO] BoardInfo:889 - No configuration file found for board NUCLEO-C051C8
2025-06-26 16:36:56,644 [INFO] DbBoards:161 - Board is not supported: NUCLEO-C051C8
2025-06-26 16:36:56,646 [INFO] BoardInfo:889 - No configuration file found for board NUCLEO-C092RC
2025-06-26 16:36:56,647 [INFO] DbBoards:161 - Board is not supported: NUCLEO-C092RC
2025-06-26 16:36:56,751 [INFO] BoardInfo:889 - No configuration file found for board NUCLEO-N657X0-Q
2025-06-26 16:36:56,751 [INFO] DbBoards:161 - Board is not supported: NUCLEO-N657X0-Q
2025-06-26 16:36:56,755 [INFO] BoardInfo:889 - No configuration file found for board NUCLEO-U385RG-Q
2025-06-26 16:36:56,756 [INFO] DbBoards:161 - Board is not supported: NUCLEO-U385RG-Q
2025-06-26 16:36:56,771 [INFO] BoardInfo:889 - No configuration file found for board NUCLEO-WBA65RI
2025-06-26 16:36:56,772 [INFO] DbBoards:161 - Board is not supported: NUCLEO-WBA65RI
2025-06-26 16:36:56,773 [INFO] BoardInfo:889 - No configuration file found for board NUCLEO-WL33CC1
2025-06-26 16:36:56,774 [INFO] DbBoards:161 - Board is not supported: NUCLEO-WL33CC1
2025-06-26 16:36:56,775 [INFO] BoardInfo:889 - No configuration file found for board NUCLEO-WL33CC2
2025-06-26 16:36:56,775 [INFO] DbBoards:161 - Board is not supported: NUCLEO-WL33CC2
2025-06-26 16:36:56,781 [INFO] BoardInfo:889 - No configuration file found for board P-NUCLEO-WB55
2025-06-26 16:36:56,782 [INFO] DbBoards:161 - Kit is not supported: P-NUCLEO-WB55
2025-06-26 16:36:56,786 [INFO] BoardInfo:889 - No configuration file found for board STEVAL-BFA001V1B
2025-06-26 16:36:56,787 [INFO] DbBoards:161 - Kit is not supported: STEVAL-BFA001V1B
2025-06-26 16:36:56,788 [INFO] BoardInfo:889 - No configuration file found for board STEVAL-BFA001V2B
2025-06-26 16:36:56,788 [INFO] DbBoards:161 - Kit is not supported: STEVAL-BFA001V2B
2025-06-26 16:36:56,942 [INFO] BoardInfo:889 - No configuration file found for board STM32N6570-DK
2025-06-26 16:36:56,943 [INFO] DbBoards:161 - Board is not supported: STM32N6570-DK
2025-06-26 16:36:56,956 [INFO] BoardInfo:889 - No configuration file found for board STM32WBA65I-DK1
2025-06-26 16:36:56,957 [INFO] DbBoards:161 - Board is not supported: STM32WBA65I-DK1
2025-06-26 16:36:56,957 [INFO] DbBoards:168 - Found 210 boards, 198 are supported
2025-06-26 16:36:56,957 [INFO] DbBoards:169 - Found 210 boards, 25 of them is supported for  Bsp
2025-06-26 16:36:56,962 [INFO] ApiDb:423 - Load user favorites file C:\Users\LENOVO/.stm32cubeide/favorites.boards.txt: 0 item(s)
2025-06-26 16:36:56,962 [INFO] ApiDb:427 - User favorites Boards=[]
2025-06-26 16:36:56,962 [INFO] DbBoards:198 - Set 0 / 0 favorites Boards
2025-06-26 16:36:57,018 [INFO] UtilMem:75 - End LoadConfig() Used Memory: 834956720 Bytes (1073741824)
2025-06-26 16:36:57,168 [WARN] ThirdParty:833 - waiting for thirdparty lock release [change project]
2025-06-26 16:36:57,168 [INFO] ThirdParty:835 - entering critical section [change project]
2025-06-26 16:36:57,168 [INFO] ThirdParty:1030 - CMSIS Pack Vendor :STMicroelectronics X-CUBE-PM33A1 1.0.0
2025-06-26 16:36:57,168 [INFO] ThirdParty:1030 - CMSIS Pack Vendor :STMicroelectronics USBPD 4.1
2025-06-26 16:36:57,168 [INFO] ThirdParty:1030 - CMSIS Pack Vendor :STMicroelectronics X-CUBE-GNSS1 6.0.0
2025-06-26 16:36:57,168 [INFO] ThirdParty:1030 - CMSIS Pack Vendor :STMicroelectronics USB_HOST 2.0.0
2025-06-26 16:36:57,168 [INFO] ThirdParty:1030 - CMSIS Pack Vendor :STMicroelectronics FP-SNS-MOTENVWB1 1.4.0
2025-06-26 16:36:57,168 [INFO] ThirdParty:1030 - CMSIS Pack Vendor :STMicroelectronics X-CUBE-AZRTOS-F4 1.1.0
2025-06-26 16:36:57,168 [INFO] ThirdParty:1030 - CMSIS Pack Vendor :STMicroelectronics LIBJPEG 8.0.0
2025-06-26 16:36:57,168 [INFO] ThirdParty:1030 - CMSIS Pack Vendor :STMicroelectronics FP-ATR-ASTRA1 2.0.2
2025-06-26 16:36:57,168 [INFO] ThirdParty:1030 - CMSIS Pack Vendor :STMicroelectronics FP-ATR-ASTRA1 2.0.1
2025-06-26 16:36:57,168 [INFO] ThirdParty:1030 - CMSIS Pack Vendor :STMicroelectronics X-CUBE-SMBUS 2.1.0
2025-06-26 16:36:57,168 [INFO] ThirdParty:1030 - CMSIS Pack Vendor :STMicroelectronics X-CUBE-WB05N 1.1.0
2025-06-26 16:36:57,168 [INFO] ThirdParty:1030 - CMSIS Pack Vendor :STMicroelectronics X-CUBE-ISPU 2.1.0
2025-06-26 16:36:57,168 [INFO] ThirdParty:1030 - CMSIS Pack Vendor :STMicroelectronics X-CUBE-FREERTOS 1.2.0
2025-06-26 16:36:57,168 [INFO] ThirdParty:1030 - CMSIS Pack Vendor :STMicroelectronics X-CUBE-AZRTOS-F7 1.1.0
2025-06-26 16:36:57,168 [INFO] ThirdParty:1030 - CMSIS Pack Vendor :STMicroelectronics X-CUBE-AZRTOS-L5 2.0.0
2025-06-26 16:36:57,168 [INFO] ThirdParty:1030 - CMSIS Pack Vendor :STMicroelectronics USB_DEVICE 2.0.0
2025-06-26 16:36:57,168 [INFO] ThirdParty:1030 - CMSIS Pack Vendor :STMicroelectronics X-CUBE-NFC6 3.1.0
2025-06-26 16:36:57,168 [INFO] ThirdParty:1030 - CMSIS Pack Vendor :STMicroelectronics X-CUBE-MEMS1 11.0.0
2025-06-26 16:36:57,168 [INFO] ThirdParty:1030 - CMSIS Pack Vendor :STMicroelectronics X-CUBE-BLE1 6.2.4
2025-06-26 16:36:57,168 [INFO] ThirdParty:1030 - CMSIS Pack Vendor :STMicroelectronics FreeRTOS 0.0.1
2025-06-26 16:36:57,168 [INFO] ThirdParty:1030 - CMSIS Pack Vendor :emotas I-CUBE-CANOPEN 1.1.3
2025-06-26 16:36:57,168 [INFO] ThirdParty:1030 - CMSIS Pack Vendor :STMicroelectronics X-CUBE-DPower 1.2.0
2025-06-26 16:36:57,168 [INFO] ThirdParty:1030 - CMSIS Pack Vendor :STMicroelectronics FP-SNS-FLIGHT1 5.0.2
2025-06-26 16:36:57,168 [INFO] ThirdParty:1030 - CMSIS Pack Vendor :STMicroelectronics X-CUBE-NFC4 2.0.5
2025-06-26 16:36:57,168 [INFO] ThirdParty:1030 - CMSIS Pack Vendor :STMicroelectronics PDM2PCM 3.3.0
2025-06-26 16:36:57,169 [INFO] ThirdParty:1030 - CMSIS Pack Vendor :STMicroelectronics X-CUBE-DISPLAY 3.0.0
2025-06-26 16:36:57,169 [INFO] ThirdParty:1030 - CMSIS Pack Vendor :wolfSSL I-CUBE-wolfSSL 5.5.3
2025-06-26 16:36:57,169 [INFO] ThirdParty:1030 - CMSIS Pack Vendor :STMicroelectronics X-CUBE-BLE1 7.0.0
2025-06-26 16:36:57,169 [INFO] ThirdParty:1030 - CMSIS Pack Vendor :STMicroelectronics X-CUBE-NFC10 1.0.0
2025-06-26 16:36:57,169 [INFO] ThirdParty:1030 - CMSIS Pack Vendor :STMicroelectronics X-CUBE-BLEMGR 4.0.0
2025-06-26 16:36:57,169 [INFO] ThirdParty:1030 - CMSIS Pack Vendor :STMicroelectronics X-CUBE-FREERTOS 1.3.1
2025-06-26 16:36:57,169 [INFO] ThirdParty:1030 - CMSIS Pack Vendor :STMicroelectronics HAL Drivers 0.0.0
2025-06-26 16:36:57,169 [INFO] ThirdParty:1030 - CMSIS Pack Vendor :STMicroelectronics X-CUBE-FREERTOS 1.3.0
2025-06-26 16:36:57,169 [INFO] ThirdParty:1030 - CMSIS Pack Vendor :STMicroelectronics X-CUBE-NFC7 1.0.1
2025-06-26 16:36:57,169 [INFO] ThirdParty:1030 - CMSIS Pack Vendor :STMicroelectronics MBEDTLS 2.14.1
2025-06-26 16:36:57,169 [INFO] ThirdParty:1030 - CMSIS Pack Vendor :STMicroelectronics X-CUBE-NFC7 1.0.0
2025-06-26 16:36:57,169 [INFO] ThirdParty:1030 - CMSIS Pack Vendor :STMicroelectronics X-CUBE-EEPRMA1 4.1.0
2025-06-26 16:36:57,169 [INFO] ThirdParty:1030 - CMSIS Pack Vendor :STMicroelectronics X-CUBE-BLEMGR 3.1.0
2025-06-26 16:36:57,169 [INFO] ThirdParty:1030 - CMSIS Pack Vendor :STMicroelectronics X-CUBE-AI 10.0.0
2025-06-26 16:36:57,169 [INFO] ThirdParty:1030 - CMSIS Pack Vendor :STMicroelectronics FP-SNS-SMARTAG2 1.2.0
2025-06-26 16:36:57,169 [INFO] ThirdParty:1030 - CMSIS Pack Vendor :STMicroelectronics X-CUBE-MEMS1 11.1.0
2025-06-26 16:36:57,169 [INFO] ThirdParty:1030 - CMSIS Pack Vendor :STMicroelectronics X-CUBE-AZRTOS-WL 2.0.0
2025-06-26 16:36:57,169 [INFO] ThirdParty:1030 - CMSIS Pack Vendor :STMicroelectronics X-CUBE-DPower 1.3.0
2025-06-26 16:36:57,169 [INFO] ThirdParty:1030 - CMSIS Pack Vendor :STMicroelectronics FP-SNS-MOTENV1 5.0.0
2025-06-26 16:36:57,169 [INFO] ThirdParty:1030 - CMSIS Pack Vendor :STMicroelectronics USB_DEVICE 1.0.0
2025-06-26 16:36:57,169 [INFO] ThirdParty:1030 - CMSIS Pack Vendor :wolfSSL I-CUBE-wolfMQTT 1.19.0
2025-06-26 16:36:57,169 [INFO] ThirdParty:1030 - CMSIS Pack Vendor :STMicroelectronics X-CUBE-AZRTOS-L4 2.0.0
2025-06-26 16:36:57,169 [INFO] ThirdParty:1030 - CMSIS Pack Vendor :STMicroelectronics ThreadX 0.0.2
2025-06-26 16:36:57,169 [INFO] ThirdParty:1030 - CMSIS Pack Vendor :WES I-CUBE-Cesium 1.3.0
2025-06-26 16:36:57,169 [INFO] ThirdParty:1030 - CMSIS Pack Vendor :STMicroelectronics lwIP 2.1.2
2025-06-26 16:36:57,169 [INFO] ThirdParty:1030 - CMSIS Pack Vendor :STMicroelectronics X-CUBE-SFXS2LP1 4.0.0
2025-06-26 16:36:57,169 [INFO] ThirdParty:1030 - CMSIS Pack Vendor :STMicroelectronics X-CUBE-BLE2 3.3.0
2025-06-26 16:36:57,169 [INFO] ThirdParty:1030 - CMSIS Pack Vendor :STMicroelectronics X-CUBE-DISPLAY 2.2.0
2025-06-26 16:36:57,169 [INFO] ThirdParty:1030 - CMSIS Pack Vendor :STMicroelectronics X-CUBE-TOF1 3.2.0
2025-06-26 16:36:57,169 [INFO] ThirdParty:1030 - CMSIS Pack Vendor :STMicroelectronics PDM2PCM 3.2.0
2025-06-26 16:36:57,170 [INFO] ThirdParty:1030 - CMSIS Pack Vendor :STMicroelectronics X-CUBE-AZRTOS-H7 3.0.0
2025-06-26 16:36:57,170 [INFO] ThirdParty:1030 - CMSIS Pack Vendor :STMicroelectronics X-CUBE-ISPU 1.1.0
2025-06-26 16:36:57,170 [INFO] ThirdParty:1030 - CMSIS Pack Vendor :STMicroelectronics X-CUBE-AZRTOS-H7 3.3.0
2025-06-26 16:36:57,170 [INFO] ThirdParty:1030 - CMSIS Pack Vendor :RoweBots I-CUBE-UNISONRTOS 5.5.0-4
2025-06-26 16:36:57,170 [INFO] ThirdParty:1030 - CMSIS Pack Vendor :STMicroelectronics X-CUBE-NFC9 1.0.0
2025-06-26 16:36:57,170 [INFO] ThirdParty:1030 - CMSIS Pack Vendor :STMicroelectronics X-CUBE-BLE1 7.1.0
2025-06-26 16:36:57,170 [INFO] ThirdParty:1030 - CMSIS Pack Vendor :STMicroelectronics USB_DEVICE 3.0.0
2025-06-26 16:36:57,170 [INFO] ThirdParty:1030 - CMSIS Pack Vendor :STMicroelectronics X-CUBE-TCPP 4.1.0
2025-06-26 16:36:57,170 [INFO] ThirdParty:1030 - CMSIS Pack Vendor :STMicroelectronics X-CUBE-IPS 3.0.0
2025-06-26 16:36:57,170 [INFO] ThirdParty:1030 - CMSIS Pack Vendor :STMicroelectronics X-CUBE-AZRTOS-WB 2.0.0
2025-06-26 16:36:57,170 [INFO] ThirdParty:1030 - CMSIS Pack Vendor :STMicroelectronics X-CUBE-GNSS1 7.0.0
2025-06-26 16:36:57,170 [INFO] ThirdParty:1030 - CMSIS Pack Vendor :STMicroelectronics X-CUBE-TOUCHGFX 4.21.0
2025-06-26 16:36:57,170 [INFO] ThirdParty:1030 - CMSIS Pack Vendor :STMicroelectronics X-CUBE-GNSS1 7.0.1
2025-06-26 16:36:57,170 [INFO] ThirdParty:1030 - CMSIS Pack Vendor :STMicroelectronics X-CUBE-TOUCHGFX 4.25.0
2025-06-26 16:36:57,170 [INFO] ThirdParty:1030 - CMSIS Pack Vendor :STMicroelectronics X-CUBE-MEMS1 9.4.0
2025-06-26 16:36:57,170 [INFO] ThirdParty:1030 - CMSIS Pack Vendor :STMicroelectronics X-CUBE-AI 7.3.0
2025-06-26 16:36:57,170 [INFO] ThirdParty:1030 - CMSIS Pack Vendor :STMicroelectronics X-CUBE-AI 10.1.0
2025-06-26 16:36:57,170 [INFO] ThirdParty:1030 - CMSIS Pack Vendor :STMicroelectronics FP-SNS-STBOX1 2.0.0
2025-06-26 16:36:57,170 [INFO] ThirdParty:1030 - CMSIS Pack Vendor :STMicroelectronics X-CUBE-ALGOBUILD 1.3.0
2025-06-26 16:36:57,170 [INFO] ThirdParty:1030 - CMSIS Pack Vendor :STMicroelectronics X-CUBE-AZRTOS-L5 1.1.0
2025-06-26 16:36:57,170 [INFO] ThirdParty:1030 - CMSIS Pack Vendor :STMicroelectronics X-CUBE-MEMS1 11.2.0
2025-06-26 16:36:57,170 [INFO] ThirdParty:1030 - CMSIS Pack Vendor :STMicroelectronics X-CUBE-AZRTOS-G0 1.1.0
2025-06-26 16:36:57,170 [INFO] ThirdParty:1030 - CMSIS Pack Vendor :STMicroelectronics X-CUBE-SAFEA1 1.2.2
2025-06-26 16:36:57,170 [INFO] ThirdParty:1030 - CMSIS Pack Vendor :STMicroelectronics X-CUBE-NFC4 3.0.0
2025-06-26 16:36:57,170 [INFO] ThirdParty:1030 - CMSIS Pack Vendor :STMicroelectronics X-CUBE-SUBG2 5.0.0
2025-06-26 16:36:57,170 [INFO] ThirdParty:1030 - CMSIS Pack Vendor :STMicroelectronics X-CUBE-AZRTOS-H7RS 1.1.0
2025-06-26 16:36:57,170 [INFO] ThirdParty:1030 - CMSIS Pack Vendor :STMicroelectronics STM32_WPAN 1.0.0
2025-06-26 16:36:57,170 [INFO] ThirdParty:1030 - CMSIS Pack Vendor :EmbeddedOffice I-CUBE-FS-RTOS 1.0.1
2025-06-26 16:36:57,170 [INFO] ThirdParty:1030 - CMSIS Pack Vendor :STMicroelectronics lwIP 2.0.3
2025-06-26 16:36:57,171 [INFO] ThirdParty:1030 - CMSIS Pack Vendor :Cesanta I-CUBE-Mongoose 7.13.0
2025-06-26 16:36:57,171 [INFO] ThirdParty:1030 - CMSIS Pack Vendor :STMicroelectronics USB_HOST 1.0.0
2025-06-26 16:36:57,171 [INFO] ThirdParty:1030 - CMSIS Pack Vendor :STMicroelectronics X-CUBE-AZRTOS-G4 2.0.0
2025-06-26 16:36:57,171 [INFO] ThirdParty:1030 - CMSIS Pack Vendor :STMicroelectronics X-CUBE-WB05N 2.0.0
2025-06-26 16:36:57,171 [INFO] ThirdParty:1030 - CMSIS Pack Vendor :STMicroelectronics PDM2PCM 3.1.0
2025-06-26 16:36:57,171 [INFO] ThirdParty:1030 - CMSIS Pack Vendor :STMicroelectronics FP-ATR-ASTRA1 1.1.1
2025-06-26 16:36:57,171 [INFO] ThirdParty:1030 - CMSIS Pack Vendor :STMicroelectronics X-CUBE-BLEMGR 1.3.0
2025-06-26 16:36:57,171 [INFO] ThirdParty:1030 - CMSIS Pack Vendor :STMicroelectronics X-CUBE-NFC7 2.0.0
2025-06-26 16:36:57,171 [INFO] ThirdParty:1030 - CMSIS Pack Vendor :RealThread X-CUBE-RT-Thread_Nano 4.1.1
2025-06-26 16:36:57,171 [INFO] ThirdParty:1030 - CMSIS Pack Vendor :STMicroelectronics FP-ATR-SIGFOX1 3.2.0
2025-06-26 16:36:57,171 [INFO] ThirdParty:1030 - CMSIS Pack Vendor :STMicroelectronics X-CUBE-AZRTOS-G4 1.0.0
2025-06-26 16:36:57,171 [INFO] ThirdParty:1030 - CMSIS Pack Vendor :STMicroelectronics X-CUBE-AZRTOS-L4 1.0.0
2025-06-26 16:36:57,171 [INFO] ThirdParty:1030 - CMSIS Pack Vendor :quantropi X-CUBE-qispace-sdk-base 1.9.3
2025-06-26 16:36:57,171 [INFO] ThirdParty:1030 - CMSIS Pack Vendor :STMicroelectronics X-CUBE-EEPRMA1 5.1.0
2025-06-26 16:36:57,171 [INFO] ThirdParty:1030 - CMSIS Pack Vendor :STMicroelectronics MBEDTLS 2.16.2
2025-06-26 16:36:57,172 [INFO] ThirdParty:1030 - CMSIS Pack Vendor :STMicroelectronics X-CUBE-ALS 1.0.2
2025-06-26 16:36:57,172 [INFO] ThirdParty:1030 - CMSIS Pack Vendor :STMicroelectronics X-CUBE-TOUCHGFX 4.20.0
2025-06-26 16:36:57,172 [INFO] ThirdParty:1030 - CMSIS Pack Vendor :ITTIA_DB I-CUBE-ITTIADB 8.9.0
2025-06-26 16:36:57,172 [INFO] ThirdParty:1030 - CMSIS Pack Vendor :STMicroelectronics X-CUBE-TOUCHGFX 4.24.2
2025-06-26 16:36:57,172 [INFO] ThirdParty:1030 - CMSIS Pack Vendor :STMicroelectronics X-CUBE-AZRTOS-WL 1.0.0
2025-06-26 16:36:57,172 [INFO] ThirdParty:1030 - CMSIS Pack Vendor :STMicroelectronics X-CUBE-TOUCHGFX 4.24.1
2025-06-26 16:36:57,172 [INFO] ThirdParty:1030 - CMSIS Pack Vendor :wolfSSL I-CUBE-wolfTPM 3.4.0
2025-06-26 16:36:57,172 [INFO] ThirdParty:1030 - CMSIS Pack Vendor :portGmbH I-Cube-SoM-uGOAL 1.1.0
2025-06-26 16:36:57,172 [INFO] ThirdParty:1030 - CMSIS Pack Vendor :STMicroelectronics X-CUBE-ALS 1.0.1
2025-06-26 16:36:57,172 [INFO] ThirdParty:1030 - CMSIS Pack Vendor :STMicroelectronics ThreadX 1.0.0
2025-06-26 16:36:57,172 [INFO] ThirdParty:1030 - CMSIS Pack Vendor :STMicroelectronics X-CUBE-AZRTOS-WB 1.1.0
2025-06-26 16:36:57,172 [INFO] ThirdParty:1030 - CMSIS Pack Vendor :SEGGER I-CUBE-embOS 1.3.1
2025-06-26 16:36:57,172 [INFO] ThirdParty:1030 - CMSIS Pack Vendor :STMicroelectronics X-CUBE-ALGOBUILD 1.4.0
2025-06-26 16:36:57,172 [INFO] ThirdParty:1030 - CMSIS Pack Vendor :STMicroelectronics X-CUBE-MEMS1 11.3.0
2025-06-26 16:36:57,172 [INFO] ThirdParty:1030 - CMSIS Pack Vendor :SEGGER I-CUBE-embOS 1.3.0
2025-06-26 16:36:57,172 [INFO] ThirdParty:1030 - CMSIS Pack Vendor :STMicroelectronics X-CUBE-EEPRMA1 3.1.1
2025-06-26 16:36:57,172 [INFO] ThirdParty:1030 - CMSIS Pack Vendor :STMicroelectronics X-CUBE-AZRTOS-H7RS 1.0.0
2025-06-26 16:36:57,172 [INFO] ThirdParty:1030 - CMSIS Pack Vendor :STMicroelectronics X-CUBE-TOF1 3.4.2
2025-06-26 16:36:57,172 [INFO] ThirdParty:1030 - CMSIS Pack Vendor :STMicroelectronics X-CUBE-AI 9.1.0
2025-06-26 16:36:57,172 [INFO] ThirdParty:1030 - CMSIS Pack Vendor :Infineon AIROC-Wi-Fi-Bluetooth-STM32 1.6.1
2025-06-26 16:36:57,172 [INFO] ThirdParty:1030 - CMSIS Pack Vendor :wolfSSL I-CUBE-wolfSSH 1.4.17
2025-06-26 16:36:57,173 [INFO] ThirdParty:841 - exiting critical section [change project]
2025-06-26 16:36:57,581 [INFO] PinOutPanel:1561 - setPackage(No Configuration,No Configuration)
2025-06-26 16:36:57,582 [INFO] PinOutPanel:1561 - setPackage(STM32F411VETx,LQFP100)
2025-06-26 16:36:58,128 [INFO] UtilMem:75 - Before build in PCC Used Memory: 739784544 Bytes (1073741824)
2025-06-26 16:36:59,166 [INFO] UtilMem:75 - After build in PCC Used Memory: 834624312 Bytes (1073741824)
2025-06-26 16:36:59,206 [INFO] IPUIPlugin:80 - create IPUIPlugin
2025-06-26 16:36:59,207 [INFO] IPUIPlugin:80 - create IPUIPlugin
2025-06-26 16:36:59,207 [INFO] IPUIPlugin:80 - create IPUIPlugin
2025-06-26 16:36:59,207 [INFO] IPUIPlugin:80 - create IPUIPlugin
2025-06-26 16:36:59,207 [INFO] IPUIPlugin:80 - create IPUIPlugin
2025-06-26 16:36:59,207 [INFO] IPUIPlugin:80 - create IPUIPlugin
2025-06-26 16:36:59,207 [INFO] IPUIPlugin:80 - create IPUIPlugin
2025-06-26 16:36:59,207 [INFO] IPUIPlugin:80 - create IPUIPlugin
2025-06-26 16:36:59,207 [INFO] IPUIPlugin:80 - create IPUIPlugin
2025-06-26 16:36:59,208 [INFO] IPUIPlugin:80 - create IPUIPlugin
2025-06-26 16:36:59,208 [INFO] IPUIPlugin:80 - create IPUIPlugin
2025-06-26 16:36:59,208 [INFO] IPUIPlugin:80 - create IPUIPlugin
2025-06-26 16:36:59,208 [INFO] IPUIPlugin:80 - create IPUIPlugin
2025-06-26 16:36:59,208 [INFO] IPUIPlugin:80 - create IPUIPlugin
2025-06-26 16:36:59,208 [INFO] IPUIPlugin:80 - create IPUIPlugin
2025-06-26 16:36:59,209 [INFO] IPUIPlugin:80 - create IPUIPlugin
2025-06-26 16:36:59,209 [INFO] IPUIPlugin:80 - create IPUIPlugin
2025-06-26 16:36:59,209 [INFO] IPUIPlugin:80 - create IPUIPlugin
2025-06-26 16:36:59,210 [INFO] IPUIPlugin:80 - create IPUIPlugin
2025-06-26 16:36:59,210 [INFO] IPUIPlugin:80 - create IPUIPlugin
2025-06-26 16:36:59,211 [INFO] IPUIPlugin:80 - create IPUIPlugin
2025-06-26 16:36:59,211 [INFO] IPUIPlugin:80 - create IPUIPlugin
2025-06-26 16:36:59,211 [INFO] IPUIPlugin:80 - create IPUIPlugin
2025-06-26 16:36:59,212 [INFO] IPUIPlugin:80 - create IPUIPlugin
2025-06-26 16:36:59,212 [INFO] IPUIPlugin:80 - create IPUIPlugin
2025-06-26 16:36:59,213 [INFO] IPUIPlugin:80 - create IPUIPlugin
2025-06-26 16:36:59,213 [INFO] IPUIPlugin:80 - create IPUIPlugin
2025-06-26 16:36:59,213 [INFO] IPUIPlugin:80 - create IPUIPlugin
2025-06-26 16:36:59,214 [INFO] IPUIPlugin:80 - create IPUIPlugin
2025-06-26 16:36:59,214 [INFO] IPUIPlugin:80 - create IPUIPlugin
2025-06-26 16:36:59,214 [INFO] IPUIPlugin:80 - create IPUIPlugin
2025-06-26 16:36:59,214 [INFO] IPUIPlugin:80 - create IPUIPlugin
2025-06-26 16:36:59,215 [INFO] IPUIPlugin:80 - create IPUIPlugin
2025-06-26 16:36:59,215 [INFO] IPUIPlugin:80 - create IPUIPlugin
2025-06-26 16:36:59,216 [INFO] IPUIPlugin:80 - create IPUIPlugin
2025-06-26 16:36:59,216 [INFO] IPUIPlugin:80 - create IPUIPlugin
2025-06-26 16:36:59,217 [INFO] IPUIPlugin:80 - create IPUIPlugin
2025-06-26 16:36:59,217 [INFO] IPUIPlugin:80 - create IPUIPlugin
2025-06-26 16:36:59,217 [INFO] IPUIPlugin:80 - create IPUIPlugin
2025-06-26 16:36:59,218 [INFO] IPUIPlugin:80 - create IPUIPlugin
2025-06-26 16:36:59,218 [INFO] IPUIPlugin:80 - create IPUIPlugin
2025-06-26 16:36:59,219 [INFO] IPUIPlugin:80 - create IPUIPlugin
2025-06-26 16:36:59,220 [INFO] IPUIPlugin:80 - create IPUIPlugin
2025-06-26 16:36:59,297 [INFO] ApiDbMcu:508 - Load IP Config File for PDM2PCM
2025-06-26 16:36:59,520 [INFO] CADModel:165 - CPN selected for project levelSTM32F411VET6
2025-06-26 16:36:59,520 [INFO] CADModel:114 - Register for checkConnection events
2025-06-26 16:36:59,570 [INFO] OpenFileManager:363 - Restore cursor
2025-06-26 16:37:55,989 [INFO] UtilMem:75 - End SaveConfig() Used Memory: 659394312 Bytes (1073741824)
2025-06-26 16:37:57,018 [INFO] UtilMem:75 - End SaveConfig() Used Memory: 685576736 Bytes (1073741824)
2025-06-26 16:37:58,688 [INFO] UtilMem:75 - End SaveConfig() Used Memory: 677275584 Bytes (1073741824)
2025-06-26 16:37:59,281 [INFO] BlockDiagram:2766 - set Specific Code input for plugin: NVIC
2025-06-26 16:37:59,281 [INFO] BlockDiagram:2766 - set Specific Code input for plugin: TIM1_8
2025-06-26 16:37:59,281 [INFO] BlockDiagram:2766 - set Specific Code input for plugin: SYS
2025-06-26 16:37:59,281 [INFO] BlockDiagram:2766 - set Specific Code input for plugin: GPIO
2025-06-26 16:37:59,281 [INFO] BlockDiagram:2766 - set Specific Code input for plugin: ADC
2025-06-26 16:37:59,281 [INFO] BlockDiagram:2766 - set Specific Code input for plugin: RCC
2025-06-26 16:37:59,283 [INFO] CodeGenerator:807 - code generatio: config db path: C:\ST\STM32CubeIDE_1.16.1\STM32CubeIDE\plugins\com.st.stm32cube.common.mx_6.12.1.202409122256\\db\
2025-06-26 16:37:59,603 [INFO] CodeEngine:255 - oldGeneratedFile, C:\Users\LENOVO\Documents\GitHub\SED-micros-2\sunset-lamp\MXTmpFiles\license.tmp_save
2025-06-26 16:38:00,075 [INFO] CodeEngine:279 - Generated code: C:\Users\LENOVO\Documents\GitHub\SED-micros-2\sunset-lamp\MXTmpFiles\license.tmp
2025-06-26 16:38:00,274 [INFO] CodeEngine:255 - oldGeneratedFile, C:\Users\LENOVO\Documents\GitHub\SED-micros-2\sunset-lamp\MXTmpFiles\gpio.tmp_save
2025-06-26 16:38:00,503 [INFO] CodeEngine:279 - Generated code: C:\Users\LENOVO\Documents\GitHub\SED-micros-2\sunset-lamp\MXTmpFiles\gpio.tmp
2025-06-26 16:38:00,795 [INFO] CodeEngine:255 - oldGeneratedFile, C:\Users\LENOVO\Documents\GitHub\SED-micros-2\sunset-lamp\Core\Src\stm32f4xx_it.c_save
2025-06-26 16:38:01,100 [INFO] CodeEngine:279 - Generated code: C:\Users\LENOVO\Documents\GitHub\SED-micros-2\sunset-lamp\Core\Src\stm32f4xx_it.c
2025-06-26 16:38:01,165 [INFO] CodeEngine:255 - oldGeneratedFile, C:\Users\LENOVO\Documents\GitHub\SED-micros-2\sunset-lamp\Core\Inc\stm32f4xx_it.h_save
2025-06-26 16:38:01,286 [INFO] CodeEngine:279 - Generated code: C:\Users\LENOVO\Documents\GitHub\SED-micros-2\sunset-lamp\Core\Inc\stm32f4xx_it.h
2025-06-26 16:38:01,336 [INFO] CodeEngine:255 - oldGeneratedFile, C:\Users\LENOVO\Documents\GitHub\SED-micros-2\sunset-lamp\Core\Src\stm32f4xx_hal_msp.c_save
2025-06-26 16:38:01,524 [INFO] CodeEngine:279 - Generated code: C:\Users\LENOVO\Documents\GitHub\SED-micros-2\sunset-lamp\Core\Src\stm32f4xx_hal_msp.c
2025-06-26 16:38:01,549 [INFO] CodeEngine:255 - oldGeneratedFile, C:\Users\LENOVO\Documents\GitHub\SED-micros-2\sunset-lamp\MXTmpFiles\system.tmp_save
2025-06-26 16:38:01,692 [INFO] CodeEngine:279 - Generated code: C:\Users\LENOVO\Documents\GitHub\SED-micros-2\sunset-lamp\MXTmpFiles\system.tmp
2025-06-26 16:38:01,755 [INFO] CodeEngine:311 - oldGeneratedFile, C:\Users\LENOVO\Documents\GitHub\SED-micros-2\sunset-lamp\Core\Inc\stm32f4xx_hal_conf.h_save
2025-06-26 16:38:01,906 [INFO] CodeEngine:335 - Generated code: C:\Users\LENOVO\Documents\GitHub\SED-micros-2\sunset-lamp\Core\Inc\stm32f4xx_hal_conf.h
2025-06-26 16:38:01,959 [WARN] IPConfigManager:3554 - IP not found : TIM
2025-06-26 16:38:01,964 [WARN] CodeGenerator:4002 - IP not found : null
2025-06-26 16:38:02,003 [INFO] CodeEngine:255 - oldGeneratedFile, C:\Users\LENOVO\Documents\GitHub\SED-micros-2\sunset-lamp\Core\Inc\main.h_save
2025-06-26 16:38:02,212 [INFO] CodeEngine:279 - Generated code: C:\Users\LENOVO\Documents\GitHub\SED-micros-2\sunset-lamp\Core\Inc\main.h
2025-06-26 16:38:02,246 [INFO] CodeEngine:255 - oldGeneratedFile, C:\Users\LENOVO\Documents\GitHub\SED-micros-2\sunset-lamp\Core\Src\main.c_save
2025-06-26 16:38:02,521 [INFO] CodeEngine:279 - Generated code: C:\Users\LENOVO\Documents\GitHub\SED-micros-2\sunset-lamp\Core\Src\main.c
2025-06-26 16:38:03,115 [INFO] ProjectBuilder:3249 - Time for Copy HAL[1] : 227mS.
2025-06-26 16:38:03,122 [INFO] ProjectBuilder:4828 - Project Generator version: 4.5.0-B34
2025-06-26 16:38:03,301 [INFO] ConfigFileManager:1531 - The Die is : DIE431
2025-06-26 16:38:03,330 [INFO] ApiDbMcu:508 - Load IP Config File for FATFS
2025-06-26 16:38:03,359 [INFO] ApiDbMcu:508 - Load IP Config File for FREERTOS
2025-06-26 16:38:03,381 [INFO] ApiDbMcu:508 - Load IP Config File for LIBJPEG
2025-06-26 16:38:03,407 [INFO] ApiDbMcu:508 - Load IP Config File for MBEDTLS
2025-06-26 16:38:03,431 [INFO] ApiDbMcu:508 - Load IP Config File for USB_DEVICE
2025-06-26 16:38:03,454 [INFO] ApiDbMcu:508 - Load IP Config File for USB_HOST
2025-06-26 16:38:04,363 [INFO] LogOutputStream:77 - [STDOUT_REDIRECT] 
2025-06-26 16:38:06,804 [INFO] ProjectBuilder:5097 - Time for Generating toolchain IDE Files: 3681mS.
2025-06-26 16:38:06,805 [INFO] ProjectBuilder:3107 - Time for Copy CMSIS : 1mS.
2025-06-26 16:38:06,808 [INFO] ProjectBuilder:3107 - Time for Copy CMSIS : 0mS.
2025-06-26 16:38:59,016 [INFO] UtilMem:75 - End SaveConfig() Used Memory: 894009112 Bytes (1073741824)
2025-06-26 16:38:59,497 [INFO] UtilMem:75 - End SaveConfig() Used Memory: 916551448 Bytes (1073741824)
2025-06-26 16:39:25,542 [INFO] UtilMem:75 - End SaveConfig() Used Memory: 755440192 Bytes (1073741824)
2025-06-26 16:39:25,709 [INFO] BlockDiagram:2766 - set Specific Code input for plugin: NVIC
2025-06-26 16:39:25,709 [INFO] BlockDiagram:2766 - set Specific Code input for plugin: TIM1_8
2025-06-26 16:39:25,709 [INFO] BlockDiagram:2766 - set Specific Code input for plugin: SYS
2025-06-26 16:39:25,709 [INFO] BlockDiagram:2766 - set Specific Code input for plugin: GPIO
2025-06-26 16:39:25,709 [INFO] BlockDiagram:2766 - set Specific Code input for plugin: ADC
2025-06-26 16:39:25,709 [INFO] BlockDiagram:2766 - set Specific Code input for plugin: RCC
2025-06-26 16:39:25,710 [INFO] CodeGenerator:807 - code generatio: config db path: C:\ST\STM32CubeIDE_1.16.1\STM32CubeIDE\plugins\com.st.stm32cube.common.mx_6.12.1.202409122256\\db\
2025-06-26 16:39:25,829 [INFO] CodeEngine:255 - oldGeneratedFile, C:\Users\LENOVO\Documents\GitHub\SED-micros-2\sunset-lamp\MXTmpFiles\license.tmp_save
2025-06-26 16:39:25,988 [INFO] CodeEngine:279 - Generated code: C:\Users\LENOVO\Documents\GitHub\SED-micros-2\sunset-lamp\MXTmpFiles\license.tmp
2025-06-26 16:39:26,058 [INFO] CodeEngine:255 - oldGeneratedFile, C:\Users\LENOVO\Documents\GitHub\SED-micros-2\sunset-lamp\MXTmpFiles\gpio.tmp_save
2025-06-26 16:39:26,225 [INFO] CodeEngine:279 - Generated code: C:\Users\LENOVO\Documents\GitHub\SED-micros-2\sunset-lamp\MXTmpFiles\gpio.tmp
2025-06-26 16:39:26,431 [INFO] CodeEngine:255 - oldGeneratedFile, C:\Users\LENOVO\Documents\GitHub\SED-micros-2\sunset-lamp\Core\Src\stm32f4xx_it.c_save
2025-06-26 16:39:26,660 [INFO] CodeEngine:279 - Generated code: C:\Users\LENOVO\Documents\GitHub\SED-micros-2\sunset-lamp\Core\Src\stm32f4xx_it.c
2025-06-26 16:39:26,686 [INFO] CodeEngine:255 - oldGeneratedFile, C:\Users\LENOVO\Documents\GitHub\SED-micros-2\sunset-lamp\Core\Inc\stm32f4xx_it.h_save
2025-06-26 16:39:26,780 [INFO] CodeEngine:279 - Generated code: C:\Users\LENOVO\Documents\GitHub\SED-micros-2\sunset-lamp\Core\Inc\stm32f4xx_it.h
2025-06-26 16:39:26,813 [INFO] CodeEngine:255 - oldGeneratedFile, C:\Users\LENOVO\Documents\GitHub\SED-micros-2\sunset-lamp\Core\Src\stm32f4xx_hal_msp.c_save
2025-06-26 16:39:27,027 [INFO] CodeEngine:279 - Generated code: C:\Users\LENOVO\Documents\GitHub\SED-micros-2\sunset-lamp\Core\Src\stm32f4xx_hal_msp.c
2025-06-26 16:39:27,035 [INFO] CodeEngine:255 - oldGeneratedFile, C:\Users\LENOVO\Documents\GitHub\SED-micros-2\sunset-lamp\MXTmpFiles\system.tmp_save
2025-06-26 16:39:27,156 [INFO] CodeEngine:279 - Generated code: C:\Users\LENOVO\Documents\GitHub\SED-micros-2\sunset-lamp\MXTmpFiles\system.tmp
2025-06-26 16:39:27,191 [INFO] CodeEngine:311 - oldGeneratedFile, C:\Users\LENOVO\Documents\GitHub\SED-micros-2\sunset-lamp\Core\Inc\stm32f4xx_hal_conf.h_save
2025-06-26 16:39:27,330 [INFO] CodeEngine:335 - Generated code: C:\Users\LENOVO\Documents\GitHub\SED-micros-2\sunset-lamp\Core\Inc\stm32f4xx_hal_conf.h
2025-06-26 16:39:27,371 [WARN] IPConfigManager:3554 - IP not found : TIM
2025-06-26 16:39:27,372 [WARN] CodeGenerator:4002 - IP not found : null
2025-06-26 16:39:27,399 [INFO] CodeEngine:255 - oldGeneratedFile, C:\Users\LENOVO\Documents\GitHub\SED-micros-2\sunset-lamp\Core\Inc\main.h_save
2025-06-26 16:39:27,487 [INFO] CodeEngine:279 - Generated code: C:\Users\LENOVO\Documents\GitHub\SED-micros-2\sunset-lamp\Core\Inc\main.h
2025-06-26 16:39:27,501 [INFO] CodeEngine:255 - oldGeneratedFile, C:\Users\LENOVO\Documents\GitHub\SED-micros-2\sunset-lamp\Core\Src\main.c_save
2025-06-26 16:39:27,659 [INFO] CodeEngine:279 - Generated code: C:\Users\LENOVO\Documents\GitHub\SED-micros-2\sunset-lamp\Core\Src\main.c
2025-06-26 16:39:27,992 [INFO] ProjectBuilder:3249 - Time for Copy HAL[1] : 157mS.
2025-06-26 16:39:27,994 [INFO] ProjectBuilder:4828 - Project Generator version: 4.5.0-B34
2025-06-26 16:39:28,075 [INFO] ConfigFileManager:1531 - The Die is : DIE431
2025-06-26 16:39:29,216 [INFO] ProjectBuilder:5097 - Time for Generating toolchain IDE Files: 1221mS.
2025-06-26 16:39:29,216 [INFO] ProjectBuilder:3107 - Time for Copy CMSIS : 0mS.
2025-06-26 16:39:29,223 [INFO] ProjectBuilder:3107 - Time for Copy CMSIS : 0mS.
2025-06-26 16:44:14,108 [INFO] UtilMem:75 - End SaveConfig() Used Memory: 748131800 Bytes (1073741824)
2025-06-26 16:44:15,044 [INFO] UtilMem:75 - End SaveConfig() Used Memory: 774346192 Bytes (1073741824)
2025-06-26 16:44:17,284 [INFO] UtilMem:75 - End SaveConfig() Used Memory: 867147176 Bytes (1073741824)
2025-06-26 16:44:17,431 [INFO] BlockDiagram:2766 - set Specific Code input for plugin: NVIC
2025-06-26 16:44:17,431 [INFO] BlockDiagram:2766 - set Specific Code input for plugin: TIM1_8
2025-06-26 16:44:17,431 [INFO] BlockDiagram:2766 - set Specific Code input for plugin: TIM1_8
2025-06-26 16:44:17,431 [INFO] BlockDiagram:2766 - set Specific Code input for plugin: SYS
2025-06-26 16:44:17,431 [INFO] BlockDiagram:2766 - set Specific Code input for plugin: GPIO
2025-06-26 16:44:17,431 [INFO] BlockDiagram:2766 - set Specific Code input for plugin: ADC
2025-06-26 16:44:17,431 [INFO] BlockDiagram:2766 - set Specific Code input for plugin: RCC
2025-06-26 16:44:17,432 [INFO] CodeGenerator:807 - code generatio: config db path: C:\ST\STM32CubeIDE_1.16.1\STM32CubeIDE\plugins\com.st.stm32cube.common.mx_6.12.1.202409122256\\db\
2025-06-26 16:44:17,518 [INFO] CodeEngine:255 - oldGeneratedFile, C:\Users\LENOVO\Documents\GitHub\SED-micros-2\sunset-lamp\MXTmpFiles\license.tmp_save
2025-06-26 16:44:17,613 [INFO] CodeEngine:279 - Generated code: C:\Users\LENOVO\Documents\GitHub\SED-micros-2\sunset-lamp\MXTmpFiles\license.tmp
2025-06-26 16:44:17,650 [INFO] CodeEngine:255 - oldGeneratedFile, C:\Users\LENOVO\Documents\GitHub\SED-micros-2\sunset-lamp\MXTmpFiles\gpio.tmp_save
2025-06-26 16:44:17,752 [INFO] CodeEngine:279 - Generated code: C:\Users\LENOVO\Documents\GitHub\SED-micros-2\sunset-lamp\MXTmpFiles\gpio.tmp
2025-06-26 16:44:17,860 [INFO] CodeEngine:255 - oldGeneratedFile, C:\Users\LENOVO\Documents\GitHub\SED-micros-2\sunset-lamp\Core\Src\stm32f4xx_it.c_save
2025-06-26 16:44:17,955 [INFO] CodeEngine:279 - Generated code: C:\Users\LENOVO\Documents\GitHub\SED-micros-2\sunset-lamp\Core\Src\stm32f4xx_it.c
2025-06-26 16:44:17,959 [INFO] CodeEngine:255 - oldGeneratedFile, C:\Users\LENOVO\Documents\GitHub\SED-micros-2\sunset-lamp\Core\Inc\stm32f4xx_it.h_save
2025-06-26 16:44:18,016 [INFO] CodeEngine:279 - Generated code: C:\Users\LENOVO\Documents\GitHub\SED-micros-2\sunset-lamp\Core\Inc\stm32f4xx_it.h
2025-06-26 16:44:18,041 [INFO] CodeEngine:255 - oldGeneratedFile, C:\Users\LENOVO\Documents\GitHub\SED-micros-2\sunset-lamp\Core\Src\stm32f4xx_hal_msp.c_save
2025-06-26 16:44:18,164 [INFO] CodeEngine:279 - Generated code: C:\Users\LENOVO\Documents\GitHub\SED-micros-2\sunset-lamp\Core\Src\stm32f4xx_hal_msp.c
2025-06-26 16:44:18,172 [INFO] CodeEngine:255 - oldGeneratedFile, C:\Users\LENOVO\Documents\GitHub\SED-micros-2\sunset-lamp\MXTmpFiles\system.tmp_save
2025-06-26 16:44:18,232 [INFO] CodeEngine:279 - Generated code: C:\Users\LENOVO\Documents\GitHub\SED-micros-2\sunset-lamp\MXTmpFiles\system.tmp
2025-06-26 16:44:18,253 [INFO] CodeEngine:311 - oldGeneratedFile, C:\Users\LENOVO\Documents\GitHub\SED-micros-2\sunset-lamp\Core\Inc\stm32f4xx_hal_conf.h_save
2025-06-26 16:44:18,359 [INFO] CodeEngine:335 - Generated code: C:\Users\LENOVO\Documents\GitHub\SED-micros-2\sunset-lamp\Core\Inc\stm32f4xx_hal_conf.h
2025-06-26 16:44:18,382 [WARN] IPConfigManager:3554 - IP not found : TIM
2025-06-26 16:44:18,382 [WARN] CodeGenerator:4002 - IP not found : null
2025-06-26 16:44:18,404 [INFO] CodeEngine:255 - oldGeneratedFile, C:\Users\LENOVO\Documents\GitHub\SED-micros-2\sunset-lamp\Core\Inc\main.h_save
2025-06-26 16:44:18,482 [INFO] CodeEngine:279 - Generated code: C:\Users\LENOVO\Documents\GitHub\SED-micros-2\sunset-lamp\Core\Inc\main.h
2025-06-26 16:44:18,501 [INFO] CodeEngine:255 - oldGeneratedFile, C:\Users\LENOVO\Documents\GitHub\SED-micros-2\sunset-lamp\Core\Src\main.c_save
2025-06-26 16:44:18,772 [INFO] CodeEngine:279 - Generated code: C:\Users\LENOVO\Documents\GitHub\SED-micros-2\sunset-lamp\Core\Src\main.c
2025-06-26 16:44:19,189 [INFO] ProjectBuilder:3249 - Time for Copy HAL[1] : 192mS.
2025-06-26 16:44:19,192 [INFO] ProjectBuilder:4828 - Project Generator version: 4.5.0-B34
2025-06-26 16:44:19,282 [INFO] ConfigFileManager:1531 - The Die is : DIE431
2025-06-26 16:44:20,241 [INFO] ProjectBuilder:5097 - Time for Generating toolchain IDE Files: 1048mS.
2025-06-26 16:44:20,242 [INFO] ProjectBuilder:3107 - Time for Copy CMSIS : 1mS.
2025-06-26 16:44:20,245 [INFO] ProjectBuilder:3107 - Time for Copy CMSIS : 0mS.
2025-06-26 17:00:44,526 [INFO] NvicIntPanel:101 - NVIC parent = com.st.microxplorer.plugins.ip.nvic.MultiNvicIntPanel[,0,0,450x163,layout=javax.swing.BoxLayout,alignmentX=0.0,alignmentY=0.0,border=,flags=9,maximumSize=,minimumSize=,preferredSize=]
2025-06-26 17:00:48,297 [INFO] NvicIntPanel:101 - NVIC parent = com.st.microxplorer.plugins.ip.nvic.MultiNvicIntPanel[,0,0,0x0,invalid,layout=javax.swing.BoxLayout,alignmentX=0.0,alignmentY=0.0,border=,flags=9,maximumSize=,minimumSize=,preferredSize=]
2025-06-26 17:01:06,610 [INFO] NvicIntPanel:101 - NVIC parent = com.st.microxplorer.plugins.ip.nvic.MultiNvicIntPanel[,0,0,0x0,invalid,layout=javax.swing.BoxLayout,alignmentX=0.0,alignmentY=0.0,border=,flags=9,maximumSize=,minimumSize=,preferredSize=]
2025-06-26 17:01:25,410 [INFO] NvicIntPanel:101 - NVIC parent = com.st.microxplorer.plugins.ip.nvic.MultiNvicIntPanel[,0,0,0x0,invalid,layout=javax.swing.BoxLayout,alignmentX=0.0,alignmentY=0.0,border=,flags=9,maximumSize=,minimumSize=,preferredSize=]
2025-06-26 17:01:27,582 [INFO] UtilMem:75 - End SaveConfig() Used Memory: 729307560 Bytes (1073741824)
2025-06-26 17:01:28,139 [INFO] UtilMem:75 - End SaveConfig() Used Memory: 752898456 Bytes (1073741824)
2025-06-26 17:01:30,146 [INFO] UtilMem:75 - End SaveConfig() Used Memory: 797464984 Bytes (1073741824)
2025-06-26 17:01:30,281 [INFO] BlockDiagram:2766 - set Specific Code input for plugin: NVIC
2025-06-26 17:01:30,281 [INFO] BlockDiagram:2766 - set Specific Code input for plugin: TIM1_8
2025-06-26 17:01:30,281 [INFO] BlockDiagram:2766 - set Specific Code input for plugin: TIM1_8
2025-06-26 17:01:30,281 [INFO] BlockDiagram:2766 - set Specific Code input for plugin: SYS
2025-06-26 17:01:30,281 [INFO] BlockDiagram:2766 - set Specific Code input for plugin: GPIO
2025-06-26 17:01:30,281 [INFO] BlockDiagram:2766 - set Specific Code input for plugin: ADC
2025-06-26 17:01:30,281 [INFO] BlockDiagram:2766 - set Specific Code input for plugin: RCC
2025-06-26 17:01:30,282 [INFO] CodeGenerator:807 - code generatio: config db path: C:\ST\STM32CubeIDE_1.16.1\STM32CubeIDE\plugins\com.st.stm32cube.common.mx_6.12.1.202409122256\\db\
2025-06-26 17:01:30,358 [INFO] CodeEngine:255 - oldGeneratedFile, C:\Users\LENOVO\Documents\GitHub\SED-micros-2\sunset-lamp\MXTmpFiles\license.tmp_save
2025-06-26 17:01:30,512 [INFO] CodeEngine:279 - Generated code: C:\Users\LENOVO\Documents\GitHub\SED-micros-2\sunset-lamp\MXTmpFiles\license.tmp
2025-06-26 17:01:30,560 [INFO] CodeEngine:255 - oldGeneratedFile, C:\Users\LENOVO\Documents\GitHub\SED-micros-2\sunset-lamp\MXTmpFiles\gpio.tmp_save
2025-06-26 17:01:30,673 [INFO] CodeEngine:279 - Generated code: C:\Users\LENOVO\Documents\GitHub\SED-micros-2\sunset-lamp\MXTmpFiles\gpio.tmp
2025-06-26 17:01:30,792 [INFO] CodeEngine:255 - oldGeneratedFile, C:\Users\LENOVO\Documents\GitHub\SED-micros-2\sunset-lamp\Core\Src\stm32f4xx_it.c_save
2025-06-26 17:01:31,046 [INFO] CodeEngine:279 - Generated code: C:\Users\LENOVO\Documents\GitHub\SED-micros-2\sunset-lamp\Core\Src\stm32f4xx_it.c
2025-06-26 17:01:31,054 [INFO] CodeEngine:255 - oldGeneratedFile, C:\Users\LENOVO\Documents\GitHub\SED-micros-2\sunset-lamp\Core\Inc\stm32f4xx_it.h_save
2025-06-26 17:01:31,161 [INFO] CodeEngine:279 - Generated code: C:\Users\LENOVO\Documents\GitHub\SED-micros-2\sunset-lamp\Core\Inc\stm32f4xx_it.h
2025-06-26 17:01:31,185 [INFO] CodeEngine:255 - oldGeneratedFile, C:\Users\LENOVO\Documents\GitHub\SED-micros-2\sunset-lamp\Core\Src\stm32f4xx_hal_msp.c_save
2025-06-26 17:01:31,386 [INFO] CodeEngine:279 - Generated code: C:\Users\LENOVO\Documents\GitHub\SED-micros-2\sunset-lamp\Core\Src\stm32f4xx_hal_msp.c
2025-06-26 17:01:31,393 [INFO] CodeEngine:255 - oldGeneratedFile, C:\Users\LENOVO\Documents\GitHub\SED-micros-2\sunset-lamp\MXTmpFiles\system.tmp_save
2025-06-26 17:01:31,522 [INFO] CodeEngine:279 - Generated code: C:\Users\LENOVO\Documents\GitHub\SED-micros-2\sunset-lamp\MXTmpFiles\system.tmp
2025-06-26 17:01:31,553 [INFO] CodeEngine:311 - oldGeneratedFile, C:\Users\LENOVO\Documents\GitHub\SED-micros-2\sunset-lamp\Core\Inc\stm32f4xx_hal_conf.h_save
2025-06-26 17:01:31,786 [INFO] CodeEngine:335 - Generated code: C:\Users\LENOVO\Documents\GitHub\SED-micros-2\sunset-lamp\Core\Inc\stm32f4xx_hal_conf.h
2025-06-26 17:01:31,825 [WARN] IPConfigManager:3554 - IP not found : TIM
2025-06-26 17:01:31,826 [WARN] CodeGenerator:4002 - IP not found : null
2025-06-26 17:01:31,870 [INFO] CodeEngine:255 - oldGeneratedFile, C:\Users\LENOVO\Documents\GitHub\SED-micros-2\sunset-lamp\Core\Inc\main.h_save
2025-06-26 17:01:32,049 [INFO] CodeEngine:279 - Generated code: C:\Users\LENOVO\Documents\GitHub\SED-micros-2\sunset-lamp\Core\Inc\main.h
2025-06-26 17:01:32,065 [INFO] CodeEngine:255 - oldGeneratedFile, C:\Users\LENOVO\Documents\GitHub\SED-micros-2\sunset-lamp\Core\Src\main.c_save
2025-06-26 17:01:32,234 [INFO] CodeEngine:279 - Generated code: C:\Users\LENOVO\Documents\GitHub\SED-micros-2\sunset-lamp\Core\Src\main.c
2025-06-26 17:01:32,593 [INFO] ProjectBuilder:3249 - Time for Copy HAL[1] : 167mS.
2025-06-26 17:01:32,597 [INFO] ProjectBuilder:4828 - Project Generator version: 4.5.0-B34
2025-06-26 17:01:32,694 [INFO] ConfigFileManager:1531 - The Die is : DIE431
2025-06-26 17:01:33,761 [INFO] ProjectBuilder:5097 - Time for Generating toolchain IDE Files: 1164mS.
2025-06-26 17:01:33,762 [INFO] ProjectBuilder:3107 - Time for Copy CMSIS : 1mS.
2025-06-26 17:01:33,765 [INFO] ProjectBuilder:3107 - Time for Copy CMSIS : 0mS.
2025-06-26 17:05:46,079 [ERROR] LogOutputStream:75 - [STDERR_REDIRECT] 
