2025-06-25 09:35:33,462 [ERROR] ConfigurationRetriever:142 - IOException on connection: sw-center.st.com
2025-06-25 09:35:33,462 [ERROR] ConfigurationRetriever:142 - IOException on connection: sw-center.st.com
2025-06-25 09:35:33,462 [ERROR] ConfigurationRetriever:142 - IOException on connection: sw-center.st.com
2025-06-25 09:35:36,132 [ERROR] LogOutputStream:75 - [STDERR_REDIRECT] 
2025-06-25 22:20:38,762 [INFO] Activator:176 - 


2025-06-25 22:20:38,765 [INFO] Activator:177 - !SESSION log4j initialized
2025-06-25 22:20:46,606 [INFO] LogOutputStream:77 - [STDOUT_REDIRECT] 
2025-06-25 22:20:48,388 [INFO] ApplicationProperties:184 - Using Application install path: C:\ST\STM32CubeIDE_1.16.1\STM32CubeIDE\plugins\com.st.stm32cube.common.mx_6.12.1.202409122256
2025-06-25 22:20:48,415 [INFO] DbMcusXml:78 - Set database path to: C:\ST\STM32CubeIDE_1.16.1\STM32CubeIDE\plugins\com.st.stm32cube.common.mx_6.12.1.202409122256\\db\/mcu/
2025-06-25 22:20:48,416 [INFO] ApiDb:274 - Set plugin database path to: C:\ST\STM32CubeIDE_1.16.1\STM32CubeIDE\plugins\com.st.stm32cube.common.mx_6.12.1.202409122256\\db\/plugins/boardmanager/
2025-06-25 22:20:48,417 [WARN] ApiDb:259 - Overriding images path with different value:  => C:\ST\STM32CubeIDE_1.16.1\STM32CubeIDE\plugins\com.st.stm32cube.common.mx_6.12.1.202409122256\\db\/plugins/mcufinder/images/
2025-06-25 22:20:48,442 [INFO] ApiDb:250 - Set database path to: C:\Users\LENOVO\.stmcufinder\plugins\mcufinder//mcu/
2025-06-25 22:20:48,443 [INFO] DbMcusAds:125 - Set database path to: C:\Users\LENOVO\.stmcufinder\plugins\mcufinder//mcu/
2025-06-25 22:20:48,447 [INFO] CrossReferenceDbSqlite:203 - Set database path to: C:\Users\LENOVO\.stmcufinder\plugins\mcufinder//mcu/cs/
2025-06-25 22:20:48,663 [INFO] RulesReader:64 - Compatibility file has been processed (297 Rules)
2025-06-25 22:20:48,793 [INFO] DbMcusXml:78 - Set database path to: C:\ST\STM32CubeIDE_1.16.1\STM32CubeIDE\plugins\com.st.stm32cube.common.mx_6.12.1.202409122256\\db\/mcu/
2025-06-25 22:20:48,793 [INFO] ApiDb:274 - Set plugin database path to: C:\ST\STM32CubeIDE_1.16.1\STM32CubeIDE\plugins\com.st.stm32cube.common.mx_6.12.1.202409122256\\db\/plugins/boardmanager/
2025-06-25 22:20:48,794 [INFO] ApiDb:261 - Set plugin images path to: C:\ST\STM32CubeIDE_1.16.1\STM32CubeIDE\plugins\com.st.stm32cube.common.mx_6.12.1.202409122256\\db\/plugins/mcufinder/images/
2025-06-25 22:20:48,794 [WARN] DbFile:41 - Overriding database path with different value: C:\Users\LENOVO\.stmcufinder\plugins\mcufinder/ => C:\Users\LENOVO\.stmcufinder\plugins\mcufinder
2025-06-25 22:20:48,795 [INFO] ApiDb:250 - Set database path to: C:\Users\LENOVO\.stmcufinder\plugins\mcufinder//mcu/
2025-06-25 22:20:48,795 [WARN] DbFile:41 - Overriding database path with different value: C:\Users\LENOVO\.stmcufinder\plugins\mcufinder/ => C:\Users\LENOVO\.stmcufinder\plugins\mcufinder
2025-06-25 22:20:48,796 [INFO] DbMcusAds:125 - Set database path to: C:\Users\LENOVO\.stmcufinder\plugins\mcufinder//mcu/
2025-06-25 22:20:48,796 [WARN] DbFile:41 - Overriding database path with different value: C:\Users\LENOVO\.stmcufinder\plugins\mcufinder/ => C:\Users\LENOVO\.stmcufinder\plugins\mcufinder
2025-06-25 22:20:48,796 [WARN] DbFile:41 - Overriding database path with different value: C:\Users\LENOVO\.stmcufinder\plugins\mcufinder/ => C:\Users\LENOVO\.stmcufinder\plugins\mcufinder
2025-06-25 22:20:48,796 [INFO] CrossReferenceDbSqlite:203 - Set database path to: C:\Users\LENOVO\.stmcufinder\plugins\mcufinder//mcu/cs/
2025-06-25 22:20:48,971 [INFO] MainPanel:268 - HeapMemory: 268435456
2025-06-25 22:20:49,182 [INFO] DbMcusXml:78 - Set database path to: C:\ST\STM32CubeIDE_1.16.1\STM32CubeIDE\plugins\com.st.stm32cube.common.mx_6.12.1.202409122256\\db\/mcu/
2025-06-25 22:20:49,183 [INFO] ApiDb:274 - Set plugin database path to: C:\ST\STM32CubeIDE_1.16.1\STM32CubeIDE\plugins\com.st.stm32cube.common.mx_6.12.1.202409122256\\db\/plugins/boardmanager/
2025-06-25 22:20:49,183 [INFO] ApiDb:261 - Set plugin images path to: C:\ST\STM32CubeIDE_1.16.1\STM32CubeIDE\plugins\com.st.stm32cube.common.mx_6.12.1.202409122256\\db\/plugins/mcufinder/images/
2025-06-25 22:20:49,184 [WARN] DbFile:41 - Overriding database path with different value: C:\Users\LENOVO\.stmcufinder\plugins\mcufinder/ => C:\Users\LENOVO\.stmcufinder\plugins\mcufinder
2025-06-25 22:20:49,185 [INFO] ApiDb:250 - Set database path to: C:\Users\LENOVO\.stmcufinder\plugins\mcufinder//mcu/
2025-06-25 22:20:49,185 [WARN] DbFile:41 - Overriding database path with different value: C:\Users\LENOVO\.stmcufinder\plugins\mcufinder/ => C:\Users\LENOVO\.stmcufinder\plugins\mcufinder
2025-06-25 22:20:49,185 [INFO] DbMcusAds:125 - Set database path to: C:\Users\LENOVO\.stmcufinder\plugins\mcufinder//mcu/
2025-06-25 22:20:49,185 [WARN] DbFile:41 - Overriding database path with different value: C:\Users\LENOVO\.stmcufinder\plugins\mcufinder/ => C:\Users\LENOVO\.stmcufinder\plugins\mcufinder
2025-06-25 22:20:49,185 [WARN] DbFile:41 - Overriding database path with different value: C:\Users\LENOVO\.stmcufinder\plugins\mcufinder/ => C:\Users\LENOVO\.stmcufinder\plugins\mcufinder
2025-06-25 22:20:49,185 [INFO] CrossReferenceDbSqlite:203 - Set database path to: C:\Users\LENOVO\.stmcufinder\plugins\mcufinder//mcu/cs/
2025-06-25 22:20:49,231 [INFO] ApplicationProperties:184 - Using Application install path: C:\ST\STM32CubeIDE_1.16.1\STM32CubeIDE\plugins\com.st.stm32cube.common.mx_6.12.1.202409122256
2025-06-25 22:20:49,234 [INFO] PluginManage:196 - Search for loadable plugins [exclusion list=, ]
2025-06-25 22:20:49,237 [INFO] PluginManage:310 - Check plugin analytics
2025-06-25 22:20:49,559 [INFO] AnalyticsPlugin:253 - Accepted Software Licenses: STM32CubeMX.6.7.0
2025-06-25 22:20:49,560 [INFO] AnalyticsPlugin:255 - Accepted CMSIS Pack Licenses: 
2025-06-25 22:20:49,560 [INFO] AnalyticsPlugin:257 - Accepted Firmware Licenses: FW.F4.1.27.0,FW.F4.1.28.0
2025-06-25 22:20:49,564 [INFO] PluginManage:359 - Loaded plugin analytics (category:tool,tabindex:-1)
2025-06-25 22:20:49,564 [INFO] PluginManage:310 - Check plugin cadmodel
2025-06-25 22:20:49,595 [INFO] CADModel:105 - Init CAD model plugin
2025-06-25 22:20:49,595 [INFO] PluginManage:359 - Loaded plugin cadmodel (category:power,tabindex:5)
2025-06-25 22:20:49,596 [INFO] PluginManage:310 - Check plugin clock
2025-06-25 22:20:49,633 [INFO] PluginManage:359 - Loaded plugin clock (category:base,tabindex:2)
2025-06-25 22:20:49,634 [INFO] PluginManage:310 - Check plugin ddr
2025-06-25 22:20:49,638 [INFO] PluginManage:359 - Loaded plugin ddr (category:tool,tabindex:6)
2025-06-25 22:20:49,638 [INFO] PluginManage:310 - Check plugin filemanager
2025-06-25 22:20:49,883 [INFO] PluginManage:359 - Loaded plugin filemanager (category:base,tabindex:10)
2025-06-25 22:20:49,883 [INFO] PluginManage:310 - Check plugin ipmanager
2025-06-25 22:20:49,897 [INFO] PluginManage:359 - Loaded plugin ipmanager (category:base,tabindex:5)
2025-06-25 22:20:49,897 [INFO] PluginManage:310 - Check plugin lpbam
2025-06-25 22:20:49,941 [INFO] PluginManage:359 - Loaded plugin lpbam (category:base,tabindex:0)
2025-06-25 22:20:49,941 [INFO] PluginManage:310 - Check plugin memorymap
2025-06-25 22:20:49,996 [INFO] PluginManage:359 - Loaded plugin memorymap (category:base,tabindex:4)
2025-06-25 22:20:49,997 [INFO] PluginManage:310 - Check plugin pinoutandconfiguration
2025-06-25 22:20:50,043 [INFO] PluginManage:359 - Loaded plugin pinoutandconfiguration (category:base,tabindex:1)
2025-06-25 22:20:50,043 [INFO] PluginManage:310 - Check plugin pinoutconfig
2025-06-25 22:20:50,218 [WARN] SupportedApi:132 - Cannot load RTOS API schema: s4s-elt-must-match.1: The content of 'definitions' must match (annotation?, (simpleType | complexType)?, (unique | key | keyref)*)). A problem was found starting at: attribute.
2025-06-25 22:20:50,466 [INFO] PluginManage:359 - Loaded plugin pinoutconfig (category:base,tabindex:0)
2025-06-25 22:20:50,466 [INFO] PluginManage:310 - Check plugin power
2025-06-25 22:20:50,504 [INFO] PluginManage:359 - Loaded plugin power (category:power,tabindex:4)
2025-06-25 22:20:50,504 [INFO] PluginManage:310 - Check plugin projectmanager
2025-06-25 22:20:50,534 [INFO] PluginManage:359 - Loaded plugin projectmanager (category:projectmanager,tabindex:4)
2025-06-25 22:20:50,534 [INFO] PluginManage:310 - Check plugin rif
2025-06-25 22:20:50,570 [INFO] PluginManage:359 - Loaded plugin rif (category:base,tabindex:3)
2025-06-25 22:20:50,571 [INFO] PluginManage:310 - Check plugin thirdparty
2025-06-25 22:20:51,054 [INFO] PluginManage:359 - Loaded plugin thirdparty (category:base,tabindex:-1)
2025-06-25 22:20:51,053 [WARN] IntegrityCheckThread:84 - waiting for thirdparty lock release [integrity check]
2025-06-25 22:20:51,054 [INFO] PluginManage:310 - Check plugin tools
2025-06-25 22:20:51,054 [INFO] IntegrityCheckThread:86 - entering critical section [integrity check]
2025-06-25 22:20:51,055 [INFO] ThirdPartyUpdaterWithRetryManager:70 - Updater plugin not ready yet. [1/15]
2025-06-25 22:20:51,146 [INFO] PluginManage:359 - Loaded plugin tools (category:base,tabindex:7)
2025-06-25 22:20:51,146 [INFO] PluginManage:310 - Check plugin tutovideos
2025-06-25 22:20:51,464 [INFO] PluginManage:359 - Loaded plugin tutovideos (category:base,tabindex:-1)
2025-06-25 22:20:51,464 [INFO] PluginManage:310 - Check plugin updater
2025-06-25 22:20:51,491 [INFO] PluginManage:359 - Loaded plugin updater (category:base,tabindex:12)
2025-06-25 22:20:51,491 [INFO] PluginManage:310 - Check plugin userauth
2025-06-25 22:20:51,499 [INFO] UserAuth:113 - Init User Auth plugin
2025-06-25 22:20:51,500 [INFO] PluginManage:359 - Loaded plugin userauth (category:base,tabindex:14)
2025-06-25 22:20:51,501 [INFO] PluginManage:283 - PluginManage : Loaded plugins [18]
2025-06-25 22:20:51,849 [INFO] PinOutPanel:1561 - setPackage(No Configuration,No Configuration)
2025-06-25 22:20:52,025 [INFO] CADModel:165 - CPN selected for project level
2025-06-25 22:20:52,025 [INFO] CADModel:114 - Register for checkConnection events
2025-06-25 22:20:52,092 [INFO] IPUIPlugin:80 - create IPUIPlugin
2025-06-25 22:20:52,092 [INFO] PluginManager:220 - loadIPPluginJar : add adc
2025-06-25 22:20:52,193 [INFO] IPUIPlugin:80 - create IPUIPlugin
2025-06-25 22:20:52,194 [INFO] PluginManager:220 - loadIPPluginJar : add aes
2025-06-25 22:20:52,298 [INFO] IPUIPlugin:80 - create IPUIPlugin
2025-06-25 22:20:52,298 [INFO] PluginManager:220 - loadIPPluginJar : add can
2025-06-25 22:20:52,352 [INFO] IPUIPlugin:80 - create IPUIPlugin
2025-06-25 22:20:52,352 [INFO] PluginManager:220 - loadIPPluginJar : add comp
2025-06-25 22:20:52,439 [INFO] IPUIPlugin:80 - create IPUIPlugin
2025-06-25 22:20:52,439 [INFO] PluginManager:220 - loadIPPluginJar : add cryp
2025-06-25 22:20:52,465 [INFO] IPUIPlugin:80 - create IPUIPlugin
2025-06-25 22:20:52,465 [INFO] PluginManager:220 - loadIPPluginJar : add ddr_ctrl_phy
2025-06-25 22:20:52,539 [INFO] IPUIPlugin:80 - create IPUIPlugin
2025-06-25 22:20:52,539 [INFO] PluginManager:220 - loadIPPluginJar : add dfsdm
2025-06-25 22:20:52,573 [INFO] IPUIPlugin:80 - create IPUIPlugin
2025-06-25 22:20:52,574 [INFO] PluginManager:220 - loadIPPluginJar : add dma
2025-06-25 22:20:52,678 [INFO] IPUIPlugin:80 - create IPUIPlugin
2025-06-25 22:20:52,678 [INFO] PluginManager:220 - loadIPPluginJar : add dma3
2025-06-25 22:20:52,799 [INFO] IPUIPlugin:80 - create IPUIPlugin
2025-06-25 22:20:52,799 [INFO] PluginManager:220 - loadIPPluginJar : add extmemmanager
2025-06-25 22:20:52,860 [INFO] IPUIPlugin:80 - create IPUIPlugin
2025-06-25 22:20:52,860 [INFO] PluginManager:220 - loadIPPluginJar : add fatfs
2025-06-25 22:20:52,980 [INFO] IPUIPlugin:80 - create IPUIPlugin
2025-06-25 22:20:52,981 [INFO] PluginManager:220 - loadIPPluginJar : add fmc
2025-06-25 22:20:53,015 [INFO] IPUIPlugin:80 - create IPUIPlugin
2025-06-25 22:20:53,016 [INFO] PluginManager:220 - loadIPPluginJar : add freertos
2025-06-25 22:20:53,075 [INFO] IPUIPlugin:80 - create IPUIPlugin
2025-06-25 22:20:53,076 [INFO] PluginManager:220 - loadIPPluginJar : add genericplugin
2025-06-25 22:20:53,329 [INFO] IPUIPlugin:80 - create IPUIPlugin
2025-06-25 22:20:53,330 [INFO] PluginManager:220 - loadIPPluginJar : add gfxmmu
2025-06-25 22:20:53,637 [INFO] IPUIPlugin:80 - create IPUIPlugin
2025-06-25 22:20:53,637 [INFO] PluginManager:220 - loadIPPluginJar : add gic
2025-06-25 22:20:53,666 [INFO] IPUIPlugin:80 - create IPUIPlugin
2025-06-25 22:20:53,666 [INFO] PluginManager:220 - loadIPPluginJar : add gpio
2025-06-25 22:20:53,889 [INFO] IPUIPlugin:80 - create IPUIPlugin
2025-06-25 22:20:53,889 [INFO] PluginManager:220 - loadIPPluginJar : add gtzc
2025-06-25 22:20:53,965 [INFO] IPUIPlugin:80 - create IPUIPlugin
2025-06-25 22:20:53,965 [INFO] PluginManager:220 - loadIPPluginJar : add hash
2025-06-25 22:20:54,055 [INFO] ThirdPartyUpdaterWithRetryManager:70 - Updater plugin not ready yet. [2/15]
2025-06-25 22:20:54,094 [INFO] IPUIPlugin:80 - create IPUIPlugin
2025-06-25 22:20:54,094 [INFO] PluginManager:220 - loadIPPluginJar : add i2c
2025-06-25 22:20:54,187 [INFO] IPUIPlugin:80 - create IPUIPlugin
2025-06-25 22:20:54,187 [INFO] PluginManager:220 - loadIPPluginJar : add i2s
2025-06-25 22:20:54,282 [INFO] IPUIPlugin:80 - create IPUIPlugin
2025-06-25 22:20:54,282 [INFO] PluginManager:220 - loadIPPluginJar : add i3c
2025-06-25 22:20:54,528 [INFO] IPUIPlugin:80 - create IPUIPlugin
2025-06-25 22:20:54,529 [INFO] PluginManager:220 - loadIPPluginJar : add ipddr
2025-06-25 22:20:54,768 [INFO] IPUIPlugin:80 - create IPUIPlugin
2025-06-25 22:20:54,768 [INFO] PluginManager:220 - loadIPPluginJar : add linkedlist
2025-06-25 22:20:54,857 [INFO] IPUIPlugin:80 - create IPUIPlugin
2025-06-25 22:20:54,857 [INFO] PluginManager:220 - loadIPPluginJar : add lorawan
2025-06-25 22:20:54,954 [INFO] IPUIPlugin:80 - create IPUIPlugin
2025-06-25 22:20:54,954 [INFO] PluginManager:220 - loadIPPluginJar : add ltdc
2025-06-25 22:20:54,979 [INFO] IPUIPlugin:80 - create IPUIPlugin
2025-06-25 22:20:54,980 [INFO] PluginManager:220 - loadIPPluginJar : add mdma
2025-06-25 22:20:55,004 [INFO] IPUIPlugin:80 - create IPUIPlugin
2025-06-25 22:20:55,004 [INFO] PluginManager:220 - loadIPPluginJar : add nvic
2025-06-25 22:20:55,080 [INFO] IPUIPlugin:80 - create IPUIPlugin
2025-06-25 22:20:55,080 [INFO] PluginManager:220 - loadIPPluginJar : add opamp
2025-06-25 22:20:55,198 [INFO] IPUIPlugin:80 - create IPUIPlugin
2025-06-25 22:20:55,198 [INFO] PluginManager:220 - loadIPPluginJar : add openamp
2025-06-25 22:20:55,274 [INFO] IPUIPlugin:80 - create IPUIPlugin
2025-06-25 22:20:55,274 [INFO] PluginManager:220 - loadIPPluginJar : add pdm2pcm
2025-06-25 22:20:55,298 [INFO] IPUIPlugin:80 - create IPUIPlugin
2025-06-25 22:20:55,301 [INFO] PluginManager:220 - loadIPPluginJar : add plateformsettings
2025-06-25 22:20:55,339 [INFO] IPUIPlugin:80 - create IPUIPlugin
2025-06-25 22:20:55,339 [INFO] PluginManager:220 - loadIPPluginJar : add quadspi
2025-06-25 22:20:55,380 [INFO] IPUIPlugin:80 - create IPUIPlugin
2025-06-25 22:20:55,380 [INFO] PluginManager:220 - loadIPPluginJar : add radio
2025-06-25 22:20:55,399 [INFO] IPUIPlugin:80 - create IPUIPlugin
2025-06-25 22:20:55,399 [INFO] PluginManager:220 - loadIPPluginJar : add resmgrutility
2025-06-25 22:20:55,494 [INFO] IPUIPlugin:80 - create IPUIPlugin
2025-06-25 22:20:55,494 [INFO] PluginManager:220 - loadIPPluginJar : add sai
2025-06-25 22:20:55,583 [INFO] IPUIPlugin:80 - create IPUIPlugin
2025-06-25 22:20:55,583 [INFO] PluginManager:220 - loadIPPluginJar : add spi
2025-06-25 22:20:55,719 [INFO] IPUIPlugin:80 - create IPUIPlugin
2025-06-25 22:20:55,719 [INFO] PluginManager:220 - loadIPPluginJar : add stm32_wpan
2025-06-25 22:20:55,771 [INFO] IPUIPlugin:80 - create IPUIPlugin
2025-06-25 22:20:55,772 [INFO] PluginManager:220 - loadIPPluginJar : add tim
2025-06-25 22:20:55,893 [INFO] IPUIPlugin:80 - create IPUIPlugin
2025-06-25 22:20:55,893 [INFO] PluginManager:220 - loadIPPluginJar : add touchsensing
2025-06-25 22:20:55,937 [INFO] IPUIPlugin:80 - create IPUIPlugin
2025-06-25 22:20:55,937 [INFO] PluginManager:220 - loadIPPluginJar : add tracer_emb
2025-06-25 22:20:55,981 [INFO] IPUIPlugin:80 - create IPUIPlugin
2025-06-25 22:20:55,981 [INFO] PluginManager:220 - loadIPPluginJar : add ts
2025-06-25 22:20:56,018 [INFO] IPUIPlugin:80 - create IPUIPlugin
2025-06-25 22:20:56,018 [INFO] PluginManager:220 - loadIPPluginJar : add tsc
2025-06-25 22:20:56,055 [INFO] IPUIPlugin:80 - create IPUIPlugin
2025-06-25 22:20:56,055 [INFO] PluginManager:220 - loadIPPluginJar : add ucpd
2025-06-25 22:20:56,148 [INFO] IPUIPlugin:80 - create IPUIPlugin
2025-06-25 22:20:56,149 [INFO] PluginManager:220 - loadIPPluginJar : add usart
2025-06-25 22:20:56,213 [INFO] IPUIPlugin:80 - create IPUIPlugin
2025-06-25 22:20:56,213 [INFO] PluginManager:220 - loadIPPluginJar : add usbx
2025-06-25 22:20:56,343 [INFO] CADModel:165 - CPN selected for project level
2025-06-25 22:20:56,344 [INFO] CADModel:114 - Register for checkConnection events
2025-06-25 22:20:56,344 [FATAL] Updater:334 - Updater called before beeing initialized
2025-06-25 22:20:56,344 [ERROR] CADModel:125 - Updater not yet initialized, retry later 
2025-06-25 22:20:56,468 [INFO] CADModel:165 - CPN selected for project level
2025-06-25 22:20:56,468 [INFO] CADModel:114 - Register for checkConnection events
2025-06-25 22:20:56,468 [FATAL] Updater:334 - Updater called before beeing initialized
2025-06-25 22:20:56,468 [ERROR] CADModel:125 - Updater not yet initialized, retry later 
2025-06-25 22:20:56,470 [FATAL] Updater:334 - Updater called before beeing initialized
2025-06-25 22:20:56,572 [FATAL] Updater:334 - Updater called before beeing initialized
2025-06-25 22:20:56,586 [INFO] DbMcusAds:53 - JSON generation date=Wed May 07 11:07:55 CEST 2025 (1746608875679)
2025-06-25 22:20:56,586 [FATAL] Updater:334 - Updater called before beeing initialized
2025-06-25 22:20:56,626 [WARN] DetailPanel:346 - Failed to get advertising image, set to default
2025-06-25 22:20:56,750 [FATAL] Updater:334 - Updater called before beeing initialized
2025-06-25 22:20:56,751 [FATAL] Updater:334 - Updater called before beeing initialized
2025-06-25 22:20:56,752 [FATAL] Updater:334 - Updater called before beeing initialized
2025-06-25 22:20:56,752 [WARN] DetailPanel:346 - Failed to get advertising image, set to default
2025-06-25 22:20:56,752 [FATAL] Updater:334 - Updater called before beeing initialized
2025-06-25 22:20:56,823 [ERROR] Updater:1164 - MainUpdater not yet initialized. External WinMGr cannot be set.
2025-06-25 22:20:56,837 [INFO] Updater:1100 - Updater Version found : 6.12.1
2025-06-25 22:20:56,854 [INFO] ApplicationProperties:184 - Using Application install path: C:\ST\STM32CubeIDE_1.16.1\STM32CubeIDE\plugins\com.st.stm32cube.common.mx_6.12.1.202409122256
2025-06-25 22:20:57,057 [INFO] ThirdPartyUpdaterWithRetryManager:70 - Updater plugin not ready yet. [3/15]
2025-06-25 22:20:57,223 [INFO] MainUpdater:2873 - connection check result : 10
2025-06-25 22:20:57,223 [INFO] MainUpdater:3567 - Updater definition file requires update
2025-06-25 22:20:57,224 [INFO] MainUpdater:290 - Updater Check For Update Now.
2025-06-25 22:20:57,225 [INFO] MicroXplorer:498 - Change Database Version : DB.6.0.121
2025-06-25 22:20:57,251 [INFO] McuFinderGlobals:63 - Set McuFinder mode to 2 (CubeIDE integrated)
2025-06-25 22:20:57,261 [INFO] UserAuth:417 - Internet connection configuration mode: 1
2025-06-25 22:20:57,282 [INFO] ServerAccessManage:473 - Download File updaters.zip
2025-06-25 22:20:57,292 [INFO] JxBrowserEngine:152 - Initiate JxBrowser Engine with user profile folder
2025-06-25 22:20:57,443 [INFO] FileExtend:240 - Unzip File : updaters.zip
2025-06-25 22:20:57,443 [INFO] FileExtend:255 - Standard Zip Deflate
2025-06-25 22:20:58,229 [INFO] ServerAccessManage:473 - Download File PacksControlFlags.xml
2025-06-25 22:20:58,430 [INFO] ServerAccessManage:473 - Download File cubemx.pidx
2025-06-25 22:20:59,326 [INFO] ServerAccessManage:473 - Download File STMicroelectronics.FP-SNS-STAIOTCFT.pdsc
2025-06-25 22:21:00,024 [INFO] ServerAccessManage:473 - Download File STMicroelectronics.X-CUBE-FREERTOS.pdsc
2025-06-25 22:21:00,083 [WARN] MainUpdater:1194 - Updater busy. Cannot search thirdparties
2025-06-25 22:21:00,083 [INFO] ThirdPartyUpdaterWithRetryManager:96 - Updater plugin is busy. [1/15]
2025-06-25 22:21:01,946 [INFO] WebApp:167 - Instantiating new browser for Auth
2025-06-25 22:21:02,456 [INFO] McuFinderGlobals:63 - Set McuFinder mode to 2 (CubeIDE integrated)
2025-06-25 22:21:02,704 [WARN] PopulateThirdPartyThread:106 - Error when creating pack: C:/Users/LENOVO/.stm32cubemx/thirdparties/pdsc/STMicroelectronics.FP-SNS-STAIOTCFT.pdsc
2025-06-25 22:21:02,756 [WARN] PackLoader:240 - Cannot read IP mode file for STMicroelectronics.X-CUBE-FREERTOS.1.3.1
2025-06-25 22:21:02,760 [INFO] PopulateThirdPartyThread:66 - Ending populate Thread
2025-06-25 22:21:02,762 [INFO] ThirdParty:1030 - CMSIS Pack Vendor :STMicroelectronics X-CUBE-FREERTOS 1.3.1
2025-06-25 22:21:02,762 [INFO] LoadServerUpdatesThread:375 - End of LoadServerUpdate Thread
2025-06-25 22:21:02,964 [INFO] CheckServerUpdateThread:120 - End of CheckServer Thread
2025-06-25 22:21:03,360 [INFO] WebApp:448 - Apply proxy settings
2025-06-25 22:21:03,361 [INFO] WebApp:533 - Chromium requires no authentication
2025-06-25 22:21:03,377 [INFO] WebApp:476 - Direct internet connection detected
2025-06-25 22:21:03,425 [INFO] WebApp:869 - Register for checkConnection events
2025-06-25 22:21:03,426 [INFO] WebApp:448 - Apply proxy settings
2025-06-25 22:21:03,426 [INFO] WebApp:533 - Chromium requires no authentication
2025-06-25 22:21:03,426 [INFO] WebApp:476 - Direct internet connection detected
2025-06-25 22:21:03,521 [INFO] MainUpdater:2873 - connection check result : 10
2025-06-25 22:21:03,533 [INFO] MainUpdater:2873 - connection check result : 10
2025-06-25 22:21:03,587 [WARN] PackLoader:240 - Cannot read IP mode file for STMicroelectronics.FP-SNS-MOTENVWB1.1.4.0
2025-06-25 22:21:03,600 [WARN] PackLoader:240 - Cannot read IP mode file for STMicroelectronics.FP-ATR-ASTRA1.2.0.2
2025-06-25 22:21:03,624 [INFO] WebApp:186 - Connection restablished
2025-06-25 22:21:03,626 [WARN] PackLoader:240 - Cannot read IP mode file for STMicroelectronics.FP-ATR-ASTRA1.2.0.1
2025-06-25 22:21:03,681 [WARN] PackLoader:240 - Cannot read IP mode file for STMicroelectronics.X-CUBE-SMBUS.2.1.0
2025-06-25 22:21:03,715 [WARN] PackLoader:240 - Cannot read IP mode file for STMicroelectronics.X-CUBE-WB05N.1.1.0
2025-06-25 22:21:03,739 [INFO] WebApp:220 - Starting web application
2025-06-25 22:21:03,740 [INFO] WebApp:578 - Web application path used C:\ST\STM32CubeIDE_1.16.1\STM32CubeIDE\plugins\com.st.stm32cube.common.mx_6.12.1.202409122256\db\plugins\mcufinder\reactClient1\index.html
2025-06-25 22:21:03,741 [ERROR] Engine:466 - C:\Users\LENOVO\.stm32cubemx\thirdparties\pdsc\STMicroelectronics.X-CUBE-ST60.1.0.0.pdsc: PDSC version is not supported
2025-06-25 22:21:03,813 [WARN] PackLoader:240 - Cannot read IP mode file for STMicroelectronics.X-CUBE-AZRTOS-F7.1.1.0
2025-06-25 22:21:03,971 [WARN] PackLoader:240 - Cannot read IP mode file for STMicroelectronics.X-CUBE-MEMS1.11.0.0
2025-06-25 22:21:03,977 [INFO] RulesReader:64 - Compatibility file has been processed (297 Rules)
2025-06-25 22:21:03,999 [INFO] RulesReader:64 - Compatibility file has been processed (297 Rules)
2025-06-25 22:21:04,005 [INFO] MicroXplorer:468 - Change Database Path : 
2025-06-25 22:21:04,005 [INFO] MicroXplorer:498 - Change Database Version : DB.6.0.121
2025-06-25 22:21:04,035 [WARN] ThirdParty:871 - waiting for thirdparty lock release [close project]
2025-06-25 22:21:04,466 [WARN] PackLoader:240 - Cannot read IP mode file for STMicroelectronics.X-CUBE-BLE1.6.2.4
2025-06-25 22:21:04,518 [WARN] PackLoader:240 - Cannot read IP mode file for STMicroelectronics.FP-SNS-FLIGHT1.5.0.2
2025-06-25 22:21:04,564 [WARN] PackLoader:240 - Cannot read IP mode file for STMicroelectronics.X-CUBE-DISPLAY.3.0.0
2025-06-25 22:21:04,631 [INFO] UserAuth:417 - Internet connection configuration mode: 1
2025-06-25 22:21:04,657 [WARN] PackLoader:240 - Cannot read IP mode file for STMicroelectronics.X-CUBE-BLE1.7.0.0
2025-06-25 22:21:04,711 [WARN] PackLoader:240 - Cannot read IP mode file for STMicroelectronics.X-CUBE-NFC10.1.0.0
2025-06-25 22:21:04,771 [WARN] PackLoader:240 - Cannot read IP mode file for STMicroelectronics.X-CUBE-BLEMGR.4.0.0
2025-06-25 22:21:04,829 [WARN] PackLoader:240 - Cannot read IP mode file for STMicroelectronics.X-CUBE-BLEMGR.3.1.0
2025-06-25 22:21:04,882 [WARN] PackLoader:240 - Cannot read IP mode file for STMicroelectronics.X-CUBE-AI.10.0.0
2025-06-25 22:21:04,914 [WARN] PackLoader:240 - Cannot read IP mode file for STMicroelectronics.FP-SNS-SMARTAG2.1.2.0
2025-06-25 22:21:04,932 [ERROR] Engine:466 - C:\Users\LENOVO\.stm32cubemx\thirdparties\pdsc\STMicroelectronics.FP-SNS-FLIGHT1.5.1.0.pdsc: PDSC version is not supported
2025-06-25 22:21:05,165 [WARN] PackLoader:240 - Cannot read IP mode file for STMicroelectronics.X-CUBE-MEMS1.11.1.0
2025-06-25 22:21:05,576 [INFO] LogOutputStream:77 - [STDOUT_REDIRECT] 1 : Invalid condition id : UX_CORESTACK_Condition cause : null
2025-06-25 22:21:05,578 [INFO] LogOutputStream:77 - [STDOUT_REDIRECT] 1 : Invalid condition id : UX_CORESTACK_Condition cause : null
2025-06-25 22:21:05,580 [INFO] LogOutputStream:77 - [STDOUT_REDIRECT] 1 : Invalid condition id : UX_CORESTACK_Condition cause : null
2025-06-25 22:21:05,583 [INFO] LogOutputStream:77 - [STDOUT_REDIRECT] 1 : Invalid condition id : UX_CORESTACK_Condition cause : null
2025-06-25 22:21:05,586 [INFO] LogOutputStream:77 - [STDOUT_REDIRECT] 1 : Invalid condition id : UX_CORESTACK_Condition cause : null
2025-06-25 22:21:05,593 [WARN] PackLoader:240 - Cannot read IP mode file for STMicroelectronics.X-CUBE-AZRTOS-WL.2.0.0
2025-06-25 22:21:05,620 [WARN] PackLoader:240 - Cannot read IP mode file for STMicroelectronics.FP-SNS-MOTENV1.5.0.0
2025-06-25 22:21:05,629 [WARN] PackLoader:240 - Cannot read IP mode file for wolfSSL.I-CUBE-wolfMQTT.1.19.0
2025-06-25 22:21:05,657 [WARN] PackLoader:240 - Cannot read IP mode file for WES.I-CUBE-Cesium.1.3.0
2025-06-25 22:21:05,680 [WARN] PackLoader:240 - Cannot read IP mode file for STMicroelectronics.X-CUBE-BLE2.3.3.0
2025-06-25 22:21:05,707 [WARN] PackLoader:240 - Cannot read IP mode file for STMicroelectronics.X-CUBE-DISPLAY.2.2.0
2025-06-25 22:21:05,743 [WARN] PackLoader:240 - Cannot read IP mode file for STMicroelectronics.X-CUBE-TOF1.3.2.0
2025-06-25 22:21:05,773 [WARN] PackLoader:240 - Cannot read IP mode file for STMicroelectronics.X-CUBE-NFC9.1.0.0
2025-06-25 22:21:05,799 [WARN] PackLoader:240 - Cannot read IP mode file for STMicroelectronics.X-CUBE-BLE1.7.1.0
2025-06-25 22:21:05,821 [WARN] PackLoader:240 - Cannot read IP mode file for STMicroelectronics.X-CUBE-TCPP.4.1.0
2025-06-25 22:21:05,852 [WARN] PackLoader:240 - Cannot read IP mode file for STMicroelectronics.X-CUBE-TOUCHGFX.4.21.0
2025-06-25 22:21:05,922 [WARN] PackLoader:240 - Cannot read IP mode file for STMicroelectronics.X-CUBE-MEMS1.9.4.0
2025-06-25 22:21:06,134 [WARN] PackLoader:240 - Cannot read IP mode file for STMicroelectronics.X-CUBE-AI.7.3.0
2025-06-25 22:21:06,157 [WARN] PackLoader:240 - Cannot read IP mode file for STMicroelectronics.X-CUBE-AI.10.1.0
2025-06-25 22:21:06,183 [WARN] PackLoader:240 - Cannot read IP mode file for STMicroelectronics.X-CUBE-ALGOBUILD.1.3.0
2025-06-25 22:21:06,279 [WARN] PackLoader:240 - Cannot read IP mode file for STMicroelectronics.X-CUBE-MEMS1.11.2.0
2025-06-25 22:21:06,480 [WARN] PackLoader:240 - Cannot read IP mode file for STMicroelectronics.X-CUBE-AZRTOS-G0.1.1.0
2025-06-25 22:21:06,507 [WARN] PackLoader:240 - Cannot read IP mode file for STMicroelectronics.X-CUBE-SAFEA1.1.2.2
2025-06-25 22:21:06,535 [WARN] PackLoader:240 - Cannot read IP mode file for STMicroelectronics.X-CUBE-NFC4.3.0.0
2025-06-25 22:21:06,568 [WARN] PackLoader:240 - Cannot read IP mode file for EmbeddedOffice.I-CUBE-FS-RTOS.1.0.1
2025-06-25 22:21:06,568 [ERROR] ConditionMgr:805 - Attr not supported : Dmpu
2025-06-25 22:21:06,569 [ERROR] ConditionMgr:805 - Attr not supported : Dmpu
2025-06-25 22:21:06,569 [ERROR] ConditionMgr:805 - Attr not supported : Dmpu
2025-06-25 22:21:06,569 [ERROR] ConditionMgr:805 - Attr not supported : Dmpu
2025-06-25 22:21:06,569 [ERROR] ConditionMgr:805 - Attr not supported : Dmpu
2025-06-25 22:21:06,569 [ERROR] ConditionMgr:805 - Attr not supported : Dmpu
2025-06-25 22:21:06,569 [ERROR] ConditionMgr:805 - Attr not supported : Dmpu
2025-06-25 22:21:06,569 [ERROR] ConditionMgr:805 - Attr not supported : Dmpu
2025-06-25 22:21:06,570 [ERROR] ConditionMgr:805 - Attr not supported : Dmpu
2025-06-25 22:21:06,570 [ERROR] ConditionMgr:805 - Attr not supported : Dmpu
2025-06-25 22:21:06,570 [ERROR] ConditionMgr:805 - Attr not supported : Dmpu
2025-06-25 22:21:06,570 [ERROR] ConditionMgr:805 - Attr not supported : Dmpu
2025-06-25 22:21:06,570 [ERROR] ConditionMgr:805 - Attr not supported : Dmpu
2025-06-25 22:21:06,570 [ERROR] ConditionMgr:805 - Attr not supported : Dmpu
2025-06-25 22:21:06,570 [ERROR] ConditionMgr:805 - Attr not supported : Dmpu
2025-06-25 22:21:06,570 [ERROR] ConditionMgr:805 - Attr not supported : Dmpu
2025-06-25 22:21:06,571 [ERROR] ConditionMgr:805 - Attr not supported : Dmpu
2025-06-25 22:21:06,571 [ERROR] ConditionMgr:805 - Attr not supported : Dmpu
2025-06-25 22:21:06,571 [ERROR] ConditionMgr:805 - Attr not supported : Dmpu
2025-06-25 22:21:06,571 [ERROR] ConditionMgr:805 - Attr not supported : Dmpu
2025-06-25 22:21:06,571 [ERROR] ConditionMgr:805 - Attr not supported : Dmpu
2025-06-25 22:21:06,571 [ERROR] ConditionMgr:805 - Attr not supported : Dmpu
2025-06-25 22:21:06,571 [ERROR] ConditionMgr:805 - Attr not supported : Dmpu
2025-06-25 22:21:06,571 [ERROR] ConditionMgr:805 - Attr not supported : Dmpu
2025-06-25 22:21:06,572 [ERROR] ConditionMgr:805 - Attr not supported : Dmpu
2025-06-25 22:21:06,572 [ERROR] ConditionMgr:805 - Attr not supported : Dmpu
2025-06-25 22:21:06,572 [ERROR] ConditionMgr:805 - Attr not supported : Dmpu
2025-06-25 22:21:06,572 [ERROR] ConditionMgr:805 - Attr not supported : Dmpu
2025-06-25 22:21:06,572 [ERROR] ConditionMgr:805 - Attr not supported : Dmpu
2025-06-25 22:21:06,572 [ERROR] ConditionMgr:805 - Attr not supported : Dmpu
2025-06-25 22:21:06,572 [ERROR] ConditionMgr:805 - Attr not supported : Dmpu
2025-06-25 22:21:06,572 [ERROR] ConditionMgr:805 - Attr not supported : Dmpu
2025-06-25 22:21:06,572 [ERROR] ConditionMgr:805 - Attr not supported : Dmpu
2025-06-25 22:21:06,572 [ERROR] ConditionMgr:805 - Attr not supported : Dmpu
2025-06-25 22:21:06,572 [ERROR] ConditionMgr:805 - Attr not supported : Dmpu
2025-06-25 22:21:06,573 [ERROR] ConditionMgr:805 - Attr not supported : Dmpu
2025-06-25 22:21:06,573 [ERROR] ConditionMgr:805 - Attr not supported : Dmpu
2025-06-25 22:21:06,573 [ERROR] ConditionMgr:805 - Attr not supported : Dmpu
2025-06-25 22:21:06,573 [ERROR] ConditionMgr:805 - Attr not supported : Dmpu
2025-06-25 22:21:06,573 [ERROR] ConditionMgr:805 - Attr not supported : Dmpu
2025-06-25 22:21:06,573 [ERROR] ConditionMgr:805 - Attr not supported : Dmpu
2025-06-25 22:21:06,573 [ERROR] ConditionMgr:805 - Attr not supported : Dmpu
2025-06-25 22:21:06,573 [ERROR] ConditionMgr:805 - Attr not supported : Dmpu
2025-06-25 22:21:06,573 [ERROR] ConditionMgr:805 - Attr not supported : Dmpu
2025-06-25 22:21:06,573 [ERROR] ConditionMgr:805 - Attr not supported : Dmpu
2025-06-25 22:21:06,573 [ERROR] ConditionMgr:805 - Attr not supported : Dmpu
2025-06-25 22:21:06,573 [ERROR] ConditionMgr:805 - Attr not supported : Dmpu
2025-06-25 22:21:06,575 [ERROR] ConditionMgr:805 - Attr not supported : Dmpu
2025-06-25 22:21:06,575 [ERROR] ConditionMgr:805 - Attr not supported : Dmpu
2025-06-25 22:21:06,575 [ERROR] ConditionMgr:805 - Attr not supported : Dmpu
2025-06-25 22:21:06,575 [ERROR] ConditionMgr:805 - Attr not supported : Dmpu
2025-06-25 22:21:06,575 [ERROR] ConditionMgr:805 - Attr not supported : Dmpu
2025-06-25 22:21:06,575 [ERROR] ConditionMgr:805 - Attr not supported : Dmpu
2025-06-25 22:21:06,575 [ERROR] ConditionMgr:805 - Attr not supported : Dmpu
2025-06-25 22:21:06,575 [ERROR] ConditionMgr:805 - Attr not supported : Dmpu
2025-06-25 22:21:06,575 [ERROR] ConditionMgr:805 - Attr not supported : Dmpu
2025-06-25 22:21:06,575 [ERROR] ConditionMgr:805 - Attr not supported : Dmpu
2025-06-25 22:21:06,575 [ERROR] ConditionMgr:805 - Attr not supported : Dmpu
2025-06-25 22:21:06,575 [ERROR] ConditionMgr:805 - Attr not supported : Dmpu
2025-06-25 22:21:06,575 [ERROR] ConditionMgr:805 - Attr not supported : Dmpu
2025-06-25 22:21:06,575 [ERROR] ConditionMgr:805 - Attr not supported : Dmpu
2025-06-25 22:21:06,576 [ERROR] ConditionMgr:805 - Attr not supported : Dmpu
2025-06-25 22:21:06,576 [ERROR] ConditionMgr:805 - Attr not supported : Dmpu
2025-06-25 22:21:06,576 [ERROR] ConditionMgr:805 - Attr not supported : Dmpu
2025-06-25 22:21:06,602 [WARN] PackLoader:240 - Cannot read IP mode file for STMicroelectronics.X-CUBE-WB05N.2.0.0
2025-06-25 22:21:06,628 [WARN] PackLoader:240 - Cannot read IP mode file for STMicroelectronics.X-CUBE-BLEMGR.1.3.0
2025-06-25 22:21:06,650 [ERROR] Engine:466 - C:\Users\LENOVO\.stm32cubemx\thirdparties\pdsc\STMicroelectronics.X-CUBE-TCPP.4.2.0.pdsc: PDSC version is not supported
2025-06-25 22:21:06,673 [WARN] PackLoader:240 - Cannot read IP mode file for RealThread.X-CUBE-RT-Thread_Nano.4.1.1
2025-06-25 22:21:06,679 [WARN] PackLoader:240 - Cannot read IP mode file for STMicroelectronics.FP-ATR-SIGFOX1.3.2.0
2025-06-25 22:21:06,685 [WARN] ConditionMgr:438 - getConditionDescription Invalid condition id : Cortex-A Device cause : null
2025-06-25 22:21:06,710 [WARN] ConditionMgr:1039 - genDependencies : Invalid condition id : Cortex-A Device cause : null
2025-06-25 22:21:06,711 [WARN] ConditionMgr:1039 - genDependencies : Invalid condition id : Cortex-A Device cause : null
2025-06-25 22:21:06,711 [WARN] ConditionMgr:1039 - genDependencies : Invalid condition id : Cortex-A Device cause : null
2025-06-25 22:21:06,732 [WARN] PackLoader:240 - Cannot read IP mode file for STMicroelectronics.X-CUBE-EEPRMA1.5.1.0
2025-06-25 22:21:06,751 [WARN] PackLoader:240 - Cannot read IP mode file for STMicroelectronics.X-CUBE-TOUCHGFX.4.20.0
2025-06-25 22:21:06,770 [WARN] PackLoader:240 - Cannot read IP mode file for ITTIA_DB.I-CUBE-ITTIADB.8.9.0
2025-06-25 22:21:06,787 [ERROR] Engine:466 - C:\Users\LENOVO\.stm32cubemx\thirdparties\pdsc\STMicroelectronics.X-CUBE-ST67W61.1.0.0.pdsc: PDSC version is not supported
2025-06-25 22:21:06,834 [WARN] PackLoader:240 - Cannot read IP mode file for SEGGER.I-CUBE-embOS.1.3.1
2025-06-25 22:21:06,889 [WARN] PackLoader:240 - Cannot read IP mode file for STMicroelectronics.X-CUBE-ALGOBUILD.1.4.0
2025-06-25 22:21:06,965 [WARN] PackLoader:240 - Cannot read IP mode file for STMicroelectronics.X-CUBE-MEMS1.11.3.0
2025-06-25 22:21:07,194 [WARN] PackLoader:240 - Cannot read IP mode file for SEGGER.I-CUBE-embOS.1.3.0
2025-06-25 22:21:07,259 [WARN] PackLoader:240 - Cannot read IP mode file for STMicroelectronics.X-CUBE-AI.9.1.0
2025-06-25 22:21:07,282 [WARN] PackLoader:240 - Cannot read IP mode file for STMicroelectronics.X-CUBE-PM33A1.1.0.0
2025-06-25 22:21:07,306 [WARN] PackLoader:240 - Cannot read IP mode file for STMicroelectronics.X-CUBE-GNSS1.6.0.0
2025-06-25 22:21:07,358 [WARN] PackLoader:240 - Cannot read IP mode file for STMicroelectronics.X-CUBE-AZRTOS-F4.1.1.0
2025-06-25 22:21:07,367 [ERROR] Engine:466 - C:\Users\LENOVO\.stm32cubemx\thirdparties\pdsc\Avnet-IotConnect.X-CUBE-IoTC-DA16k-PMOD.1.0.0.pdsc: PDSC version is not supported
2025-06-25 22:21:07,389 [WARN] PackLoader:240 - Cannot read IP mode file for STMicroelectronics.X-CUBE-ISPU.2.1.0
2025-06-25 22:21:07,410 [WARN] PackLoader:240 - Cannot read IP mode file for STMicroelectronics.X-CUBE-FREERTOS.1.2.0
2025-06-25 22:21:07,458 [WARN] PackLoader:240 - Cannot read IP mode file for STMicroelectronics.X-CUBE-AZRTOS-L5.2.0.0
2025-06-25 22:21:07,489 [WARN] PackLoader:240 - Cannot read IP mode file for STMicroelectronics.X-CUBE-NFC6.3.1.0
2025-06-25 22:21:07,518 [WARN] PackLoader:240 - Cannot read IP mode file for emotas.I-CUBE-CANOPEN.1.1.3
2025-06-25 22:21:07,540 [WARN] PackLoader:240 - Cannot read IP mode file for STMicroelectronics.X-CUBE-DPower.1.2.0
2025-06-25 22:21:07,564 [WARN] PackLoader:240 - Cannot read IP mode file for STMicroelectronics.X-CUBE-NFC4.2.0.5
2025-06-25 22:21:07,584 [WARN] PackLoader:240 - Cannot read IP mode file for wolfSSL.I-CUBE-wolfSSL.5.5.3
2025-06-25 22:21:07,588 [WARN] PackLoader:240 - Cannot read IP mode file for STMicroelectronics.X-CUBE-FREERTOS.1.3.1
2025-06-25 22:21:07,610 [WARN] PackLoader:240 - Cannot read IP mode file for STMicroelectronics.X-CUBE-FREERTOS.1.3.0
2025-06-25 22:21:07,634 [WARN] PackLoader:240 - Cannot read IP mode file for STMicroelectronics.X-CUBE-NFC7.1.0.1
2025-06-25 22:21:07,655 [WARN] PackLoader:240 - Cannot read IP mode file for STMicroelectronics.X-CUBE-NFC7.1.0.0
2025-06-25 22:21:07,676 [WARN] PackLoader:240 - Cannot read IP mode file for STMicroelectronics.X-CUBE-EEPRMA1.4.1.0
2025-06-25 22:21:07,680 [ERROR] Engine:466 - C:\Users\LENOVO\.stm32cubemx\thirdparties\pdsc\STMicroelectronics.FP-SNS-STAIOTCFT.1.0.0.pdsc: PDSC version is not supported
2025-06-25 22:21:07,700 [WARN] PackLoader:240 - Cannot read IP mode file for STMicroelectronics.X-CUBE-DPower.1.3.0
2025-06-25 22:21:07,744 [WARN] ConditionMgr:438 - getConditionDescription Invalid condition id : LAN8742 Phy interface Condition cause : null
2025-06-25 22:21:07,744 [WARN] PackLoader:240 - Cannot read IP mode file for STMicroelectronics.X-CUBE-AZRTOS-L4.2.0.0
2025-06-25 22:21:07,746 [WARN] ConditionMgr:1039 - genDependencies : Invalid condition id : LAN8742 Phy interface Condition cause : null
2025-06-25 22:21:07,746 [WARN] ConditionMgr:1039 - genDependencies : Invalid condition id : LAN8742 Phy interface Condition cause : null
2025-06-25 22:21:07,746 [WARN] ConditionMgr:1039 - genDependencies : Invalid condition id : LAN8742 Phy interface Condition cause : null
2025-06-25 22:21:07,773 [WARN] PackLoader:240 - Cannot read IP mode file for STMicroelectronics.X-CUBE-SFXS2LP1.4.0.0
2025-06-25 22:21:07,815 [WARN] PackLoader:240 - Cannot read IP mode file for STMicroelectronics.X-CUBE-AZRTOS-H7.3.0.0
2025-06-25 22:21:07,839 [WARN] PackLoader:240 - Cannot read IP mode file for STMicroelectronics.X-CUBE-ISPU.1.1.0
2025-06-25 22:21:07,885 [WARN] PackLoader:240 - Cannot read IP mode file for STMicroelectronics.X-CUBE-AZRTOS-H7.3.3.0
2025-06-25 22:21:07,912 [WARN] PackLoader:240 - Cannot read IP mode file for RoweBots.I-CUBE-UNISONRTOS.5.5.0-4
2025-06-25 22:21:07,938 [WARN] PackLoader:240 - Cannot read IP mode file for STMicroelectronics.X-CUBE-IPS.3.0.0
2025-06-25 22:21:07,979 [WARN] ConditionMgr:438 - getConditionDescription Invalid condition id : UX DEVICE CLASS RTOS Condition cause : null
2025-06-25 22:21:07,979 [WARN] ConditionMgr:438 - getConditionDescription Invalid condition id : UX DEVICE CLASS RTOS Condition cause : null
2025-06-25 22:21:07,982 [WARN] PackLoader:240 - Cannot read IP mode file for STMicroelectronics.X-CUBE-AZRTOS-WB.2.0.0
2025-06-25 22:21:07,983 [WARN] ConditionMgr:1039 - genDependencies : Invalid condition id : UX DEVICE CLASS RTOS Condition cause : null
2025-06-25 22:21:07,984 [WARN] ConditionMgr:1039 - genDependencies : Invalid condition id : UX DEVICE CLASS RTOS Condition cause : null
2025-06-25 22:21:07,984 [WARN] ConditionMgr:1039 - genDependencies : Invalid condition id : UX DEVICE CLASS RTOS Condition cause : null
2025-06-25 22:21:07,984 [WARN] ConditionMgr:1039 - genDependencies : Invalid condition id : UX DEVICE CLASS RTOS Condition cause : null
2025-06-25 22:21:07,985 [WARN] ConditionMgr:1039 - genDependencies : Invalid condition id : UX DEVICE CLASS RTOS Condition cause : null
2025-06-25 22:21:08,005 [WARN] PackLoader:240 - Cannot read IP mode file for STMicroelectronics.X-CUBE-GNSS1.7.0.0
2025-06-25 22:21:08,029 [WARN] PackLoader:240 - Cannot read IP mode file for STMicroelectronics.X-CUBE-GNSS1.7.0.1
2025-06-25 22:21:08,047 [WARN] PackLoader:240 - Cannot read IP mode file for STMicroelectronics.X-CUBE-TOUCHGFX.4.25.0
2025-06-25 22:21:08,068 [WARN] PackLoader:240 - Cannot read IP mode file for STMicroelectronics.FP-SNS-STBOX1.2.0.0
2025-06-25 22:21:08,115 [WARN] PackLoader:240 - Cannot read IP mode file for STMicroelectronics.X-CUBE-AZRTOS-L5.1.1.0
2025-06-25 22:21:08,144 [WARN] PackLoader:240 - Cannot read IP mode file for STMicroelectronics.X-CUBE-SUBG2.5.0.0
2025-06-25 22:21:08,190 [WARN] PackLoader:240 - Cannot read IP mode file for STMicroelectronics.X-CUBE-AZRTOS-H7RS.1.1.0
2025-06-25 22:21:08,198 [WARN] PackLoader:240 - Cannot read IP mode file for Cesanta.I-CUBE-Mongoose.7.13.0
2025-06-25 22:21:08,233 [WARN] PackLoader:240 - Cannot read IP mode file for STMicroelectronics.X-CUBE-AZRTOS-G4.2.0.0
2025-06-25 22:21:08,252 [WARN] PackLoader:240 - Cannot read IP mode file for STMicroelectronics.FP-ATR-ASTRA1.1.1.1
2025-06-25 22:21:08,273 [WARN] PackLoader:240 - Cannot read IP mode file for STMicroelectronics.X-CUBE-NFC7.2.0.0
2025-06-25 22:21:08,305 [WARN] PackLoader:240 - Cannot read IP mode file for STMicroelectronics.X-CUBE-AZRTOS-G4.1.0.0
2025-06-25 22:21:08,348 [WARN] PackLoader:240 - Cannot read IP mode file for STMicroelectronics.X-CUBE-AZRTOS-L4.1.0.0
2025-06-25 22:21:08,374 [ERROR] Engine:466 - C:\Users\LENOVO\.stm32cubemx\thirdparties\pdsc\STMicroelectronics.X-CUBE-IPS.3.1.0.pdsc: PDSC version is not supported
2025-06-25 22:21:08,393 [WARN] PackLoader:240 - Cannot read IP mode file for STMicroelectronics.X-CUBE-ALS.1.0.2
2025-06-25 22:21:08,412 [WARN] PackLoader:240 - Cannot read IP mode file for STMicroelectronics.X-CUBE-TOUCHGFX.4.24.2
2025-06-25 22:21:08,440 [WARN] PackLoader:240 - Cannot read IP mode file for STMicroelectronics.X-CUBE-AZRTOS-WL.1.0.0
2025-06-25 22:21:08,459 [WARN] PackLoader:240 - Cannot read IP mode file for STMicroelectronics.X-CUBE-TOUCHGFX.4.24.1
2025-06-25 22:21:08,465 [WARN] PackLoader:240 - Cannot read IP mode file for wolfSSL.I-CUBE-wolfTPM.3.4.0
2025-06-25 22:21:08,484 [WARN] PackLoader:240 - Cannot read IP mode file for portGmbH.I-Cube-SoM-uGOAL.1.1.0
2025-06-25 22:21:08,502 [WARN] PackLoader:240 - Cannot read IP mode file for STMicroelectronics.X-CUBE-ALS.1.0.1
2025-06-25 22:21:08,533 [WARN] PackLoader:240 - Cannot read IP mode file for STMicroelectronics.X-CUBE-AZRTOS-WB.1.1.0
2025-06-25 22:21:08,557 [WARN] PackLoader:240 - Cannot read IP mode file for STMicroelectronics.X-CUBE-EEPRMA1.3.1.1
2025-06-25 22:21:08,601 [WARN] PackLoader:240 - Cannot read IP mode file for STMicroelectronics.X-CUBE-AZRTOS-H7RS.1.0.0
2025-06-25 22:21:08,637 [WARN] PackLoader:240 - Cannot read IP mode file for STMicroelectronics.X-CUBE-TOF1.3.4.2
2025-06-25 22:21:08,676 [ERROR] Engine:466 - C:\Users\LENOVO\.stm32cubemx\thirdparties\pdsc\STMicroelectronics.X-CUBE-TOF1.3.4.3.pdsc: PDSC version is not supported
2025-06-25 22:21:08,741 [WARN] PackLoader:240 - Cannot read IP mode file for Infineon.AIROC-Wi-Fi-Bluetooth-STM32.1.6.1
2025-06-25 22:21:08,749 [WARN] PackLoader:240 - Cannot read IP mode file for wolfSSL.I-CUBE-wolfSSH.1.4.17
2025-06-25 22:21:08,750 [INFO] ThirdParty:978 - Integrity check success = true
2025-06-25 22:21:08,750 [INFO] IntegrityCheckThread:100 - exiting critical section [integrity check]
2025-06-25 22:21:08,750 [INFO] IntegrityCheckThread:103 - End integrity checks thread
2025-06-25 22:21:08,750 [INFO] ThirdParty:873 - entering critical section [close project]
2025-06-25 22:21:08,751 [INFO] ThirdParty:883 - exiting critical section [close project]
2025-06-25 22:21:08,752 [INFO] PinOutPanel:1561 - setPackage(No Configuration,No Configuration)
2025-06-25 22:21:08,757 [INFO] UtilMem:75 - Begin LoadConfig() Used Memory: 207996016 Bytes (318767104)
2025-06-25 22:21:08,758 [INFO] MicroXplorer:468 - Change Database Path : 
2025-06-25 22:21:08,758 [INFO] MicroXplorer:498 - Change Database Version : DB.6.0.121
2025-06-25 22:21:08,758 [INFO] OpenFileManager:332 - Change cursor
2025-06-25 22:21:08,798 [INFO] Mcu:2032 - Initializing MCU STM32F411V(C-E)Tx STM32F411VETx STM32F411VET6
2025-06-25 22:21:10,593 [INFO] Context:742 - Trying to add GPIOservice into a context  which must be forbidden
2025-06-25 22:21:11,267 [INFO] RtosManager:555 - Registered RTOS mode: class=CMSIS, group=RTOS, mode=CMSIS_V1, owner=FREERTOS
2025-06-25 22:21:11,268 [INFO] RtosManager:555 - Registered RTOS mode: class=CMSIS, group=RTOS2, mode=CMSIS_V2, owner=FREERTOS
2025-06-25 22:21:11,268 [INFO] RtosManager:555 - Registered RTOS mode: class=RTOS, group=Core, mode=CMSIS_V1, owner=FREERTOS
2025-06-25 22:21:11,268 [INFO] RtosManager:555 - Registered RTOS mode: class=RTOS, group=Core, mode=CMSIS_V2, owner=FREERTOS
2025-06-25 22:21:11,268 [WARN] ModelIntegratedComponent:184 - Missing modes for component STMicroelectronics:FreeRTOS:0.0.1:STMicroelectronics:RTOS:FreeRTOS:Core:::10.2.0:
2025-06-25 22:21:11,274 [WARN] ModelIntegratedComponent:63 - No mode defined for component null
2025-06-25 22:21:11,274 [WARN] ModelIntegratedComponent:63 - No mode defined for component null
2025-06-25 22:21:11,275 [WARN] ModelIntegratedComponent:63 - No mode defined for component null
2025-06-25 22:21:11,275 [WARN] ModelIntegratedComponent:63 - No mode defined for component null
2025-06-25 22:21:11,275 [WARN] ModelIntegratedComponent:63 - No mode defined for component null
2025-06-25 22:21:11,275 [WARN] ModelIntegratedComponent:63 - No mode defined for component null
2025-06-25 22:21:11,275 [WARN] ModelIntegratedComponent:63 - No mode defined for component null
2025-06-25 22:21:11,275 [WARN] ModelIntegratedComponent:63 - No mode defined for component null
2025-06-25 22:21:11,275 [WARN] ModelIntegratedComponent:63 - No mode defined for component null
2025-06-25 22:21:11,275 [WARN] ModelIntegratedComponent:63 - No mode defined for component null
2025-06-25 22:21:11,275 [WARN] ModelIntegratedComponent:63 - No mode defined for component null
2025-06-25 22:21:11,275 [WARN] ModelIntegratedComponent:63 - No mode defined for component null
2025-06-25 22:21:11,276 [WARN] ModelIntegratedComponent:63 - No mode defined for component null
2025-06-25 22:21:11,276 [WARN] ModelIntegratedComponent:63 - No mode defined for component null
2025-06-25 22:21:11,276 [WARN] ModelIntegratedComponent:63 - No mode defined for component null
2025-06-25 22:21:11,276 [WARN] ModelIntegratedComponent:63 - No mode defined for component null
2025-06-25 22:21:11,276 [WARN] ModelIntegratedComponent:63 - No mode defined for component null
2025-06-25 22:21:11,277 [WARN] ModelIntegratedComponent:63 - No mode defined for component null
2025-06-25 22:21:11,277 [WARN] ModelIntegratedComponent:63 - No mode defined for component null
2025-06-25 22:21:11,277 [WARN] ModelIntegratedComponent:63 - No mode defined for component null
2025-06-25 22:21:11,277 [WARN] ModelIntegratedComponent:63 - No mode defined for component null
2025-06-25 22:21:11,277 [WARN] ModelIntegratedComponent:63 - No mode defined for component null
2025-06-25 22:21:11,277 [WARN] ModelIntegratedComponent:63 - No mode defined for component null
2025-06-25 22:21:11,277 [WARN] ModelIntegratedComponent:63 - No mode defined for component null
2025-06-25 22:21:11,277 [WARN] ModelIntegratedComponent:63 - No mode defined for component null
2025-06-25 22:21:11,277 [WARN] ModelIntegratedComponent:63 - No mode defined for component null
2025-06-25 22:21:11,277 [WARN] ModelIntegratedComponent:63 - No mode defined for component null
2025-06-25 22:21:11,277 [WARN] ModelIntegratedComponent:63 - No mode defined for component null
2025-06-25 22:21:11,277 [WARN] ModelIntegratedComponent:63 - No mode defined for component null
2025-06-25 22:21:11,277 [WARN] ModelIntegratedComponent:63 - No mode defined for component null
2025-06-25 22:21:11,277 [WARN] ModelIntegratedComponent:63 - No mode defined for component null
2025-06-25 22:21:11,277 [WARN] ModelIntegratedComponent:63 - No mode defined for component null
2025-06-25 22:21:11,277 [WARN] ModelIntegratedComponent:63 - No mode defined for component null
2025-06-25 22:21:11,277 [WARN] ModelIntegratedComponent:63 - No mode defined for component null
2025-06-25 22:21:11,277 [WARN] ModelIntegratedComponent:63 - No mode defined for component null
2025-06-25 22:21:11,277 [WARN] ModelPack:524 - Component already loaded: STMicroelectronics:HAL Drivers:0.0.0:STMicroelectronics:Device:STMicro_Driver:XSPI:HAL::0.0.1:HAL_XSPI
2025-06-25 22:21:11,369 [WARN] ModelIntegratedComponent:182 - Modes not found for component STMicroelectronics:USB_DEVICE:1.0.0:STMicroelectronics:USB::USB Device:Audio HS::1.0:USB_DEVICE_1_0_RESTRICTED_HS
2025-06-25 22:21:11,369 [WARN] ModelIntegratedComponent:188 - Modes not found for component STMicroelectronics:USB_DEVICE:1.0.0:STMicroelectronics:USB::USB Device:Audio HS::1.0:USB_DEVICE_1_0_RESTRICTED_HS
2025-06-25 22:21:11,369 [WARN] ModelIntegratedComponent:182 - Modes not found for component STMicroelectronics:USB_DEVICE:1.0.0:STMicroelectronics:USB::USB Device:CDC HS::1.0:USB_DEVICE_1_0_RESTRICTED_HS
2025-06-25 22:21:11,369 [WARN] ModelIntegratedComponent:188 - Modes not found for component STMicroelectronics:USB_DEVICE:1.0.0:STMicroelectronics:USB::USB Device:CDC HS::1.0:USB_DEVICE_1_0_RESTRICTED_HS
2025-06-25 22:21:11,369 [WARN] ModelIntegratedComponent:182 - Modes not found for component STMicroelectronics:USB_DEVICE:1.0.0:STMicroelectronics:USB::USB Device:DFU HS::1.0:USB_DEVICE_1_0_RESTRICTED_HS
2025-06-25 22:21:11,369 [WARN] ModelIntegratedComponent:188 - Modes not found for component STMicroelectronics:USB_DEVICE:1.0.0:STMicroelectronics:USB::USB Device:DFU HS::1.0:USB_DEVICE_1_0_RESTRICTED_HS
2025-06-25 22:21:11,369 [WARN] ModelIntegratedComponent:182 - Modes not found for component STMicroelectronics:USB_DEVICE:1.0.0:STMicroelectronics:USB::USB Device:HID HS::1.0:USB_DEVICE_1_0_RESTRICTED_HS
2025-06-25 22:21:11,369 [WARN] ModelIntegratedComponent:188 - Modes not found for component STMicroelectronics:USB_DEVICE:1.0.0:STMicroelectronics:USB::USB Device:HID HS::1.0:USB_DEVICE_1_0_RESTRICTED_HS
2025-06-25 22:21:11,369 [WARN] ModelIntegratedComponent:182 - Modes not found for component STMicroelectronics:USB_DEVICE:1.0.0:STMicroelectronics:USB::USB Device:Custom HID HS::1.0:USB_DEVICE_1_0_RESTRICTED_HS
2025-06-25 22:21:11,369 [WARN] ModelIntegratedComponent:188 - Modes not found for component STMicroelectronics:USB_DEVICE:1.0.0:STMicroelectronics:USB::USB Device:Custom HID HS::1.0:USB_DEVICE_1_0_RESTRICTED_HS
2025-06-25 22:21:11,369 [WARN] ModelIntegratedComponent:182 - Modes not found for component STMicroelectronics:USB_DEVICE:1.0.0:STMicroelectronics:USB::USB Device:MSC HS::1.0:USB_DEVICE_1_0_RESTRICTED_HS
2025-06-25 22:21:11,369 [WARN] ModelIntegratedComponent:188 - Modes not found for component STMicroelectronics:USB_DEVICE:1.0.0:STMicroelectronics:USB::USB Device:MSC HS::1.0:USB_DEVICE_1_0_RESTRICTED_HS
2025-06-25 22:21:11,540 [WARN] ModelIntegratedComponent:182 - Modes not found for component STMicroelectronics:USB_HOST:1.0.0:STMicroelectronics:USB::USB Host:Audio HS::1.0:USB_HOST_1_0_RESTRICTED_HS
2025-06-25 22:21:11,540 [WARN] ModelIntegratedComponent:188 - Modes not found for component STMicroelectronics:USB_HOST:1.0.0:STMicroelectronics:USB::USB Host:Audio HS::1.0:USB_HOST_1_0_RESTRICTED_HS
2025-06-25 22:21:11,540 [WARN] ModelIntegratedComponent:182 - Modes not found for component STMicroelectronics:USB_HOST:1.0.0:STMicroelectronics:USB::USB Host:CDC HS::1.0:USB_HOST_1_0_RESTRICTED_HS
2025-06-25 22:21:11,540 [WARN] ModelIntegratedComponent:188 - Modes not found for component STMicroelectronics:USB_HOST:1.0.0:STMicroelectronics:USB::USB Host:CDC HS::1.0:USB_HOST_1_0_RESTRICTED_HS
2025-06-25 22:21:11,540 [WARN] ModelIntegratedComponent:182 - Modes not found for component STMicroelectronics:USB_HOST:1.0.0:STMicroelectronics:USB::USB Host:MSC HS::1.0:USB_HOST_1_0_RESTRICTED_HS
2025-06-25 22:21:11,540 [WARN] ModelIntegratedComponent:188 - Modes not found for component STMicroelectronics:USB_HOST:1.0.0:STMicroelectronics:USB::USB Host:MSC HS::1.0:USB_HOST_1_0_RESTRICTED_HS
2025-06-25 22:21:11,540 [WARN] ModelIntegratedComponent:182 - Modes not found for component STMicroelectronics:USB_HOST:1.0.0:STMicroelectronics:USB::USB Host:HID HS::1.0:USB_HOST_1_0_RESTRICTED_HS
2025-06-25 22:21:11,540 [WARN] ModelIntegratedComponent:188 - Modes not found for component STMicroelectronics:USB_HOST:1.0.0:STMicroelectronics:USB::USB Host:HID HS::1.0:USB_HOST_1_0_RESTRICTED_HS
2025-06-25 22:21:11,540 [WARN] ModelIntegratedComponent:182 - Modes not found for component STMicroelectronics:USB_HOST:1.0.0:STMicroelectronics:USB::USB Host:MTP HS::1.0:USB_HOST_1_0_RESTRICTED_HS
2025-06-25 22:21:11,540 [WARN] ModelIntegratedComponent:188 - Modes not found for component STMicroelectronics:USB_HOST:1.0.0:STMicroelectronics:USB::USB Host:MTP HS::1.0:USB_HOST_1_0_RESTRICTED_HS
2025-06-25 22:21:11,672 [INFO] ThirdPartyModel:298 - Start build external matchings
2025-06-25 22:21:13,930 [INFO] ThirdPartyModel:316 - End build external matchings
2025-06-25 22:21:14,543 [INFO] ApiDb:581 - Connected to CubeFinder SQLite database (C:\Users\LENOVO\.stmcufinder\plugins\mcufinder\mcu\cube-finder-db.db)
2025-06-25 22:21:14,639 [INFO] ApiDb:668 - CubeFinder database Data Model version=2.1
2025-06-25 22:21:14,639 [INFO] ApiDb:669 - CubeFinder database Configuration version=3.0.39
2025-06-25 22:21:14,639 [INFO] ApiDb:670 - CubeFinder database generation date=2025-04-23 (1745419778)
2025-06-25 22:21:14,640 [INFO] ApiDb:671 - CubeFinder database FW Pack versions=[FP-ATR-ASTRA1_V2.0.0, FP-SNS-FLIGHT1_V5.1.0, FP-SNS-MOTENV1_V5.0.0, FP-SNS-MOTENVWB1_V1.4.0, FP-SNS-SMARTAG2_V1.2.0, FP-SNS-STBOX1_V2.0.0, STM32Cube_FW_C0_V1.4.0, STM32Cube_FW_F4_V1.28.1, STM32Cube_FW_F7_V1.17.2, STM32Cube_FW_G0_V1.6.2, STM32Cube_FW_G4_V1.6.1, STM32Cube_FW_H5_V1.5.0, STM32Cube_FW_H7RS_V1.2.0, STM32Cube_FW_H7_V1.12.1, STM32Cube_FW_L0_V1.12.2, STM32Cube_FW_L4_V1.18.1, STM32Cube_FW_L5_V1.5.1, STM32Cube_FW_N6_V1.1.1, STM32Cube_FW_U0_V1.2.0, STM32Cube_FW_U3_V1.1.0, STM32Cube_FW_U5_V1.7.0, STM32Cube_FW_WB0_V1.2.0, STM32Cube_FW_WBA_V1.6.0, STM32Cube_FW_WB_V1.22.0, STM32Cube_FW_WL3_V1.1.0, STM32Cube_FW_WL_V1.3.1, X-CUBE-ALGOBUILD_V1.4.0, X-CUBE-ALS_V1.0.2, X-CUBE-AZRTOS-F4_V1.1.0, X-CUBE-AZRTOS-F7_V1.1.0, X-CUBE-AZRTOS-G0_V1.1.0, X-CUBE-AZRTOS-G4_V2.0.0, X-CUBE-AZRTOS-H7RS_V1.1.0, X-CUBE-AZRTOS-H7_V3.3.0, X-CUBE-AZRTOS-L4_V2.0.0, X-CUBE-AZRTOS-L5_V2.0.0, X-CUBE-AZRTOS-WB_V2.0.0, X-CUBE-AZRTOS-WL_V2.0.0, X-CUBE-BLE1_V7.1.0, X-CUBE-BLE2_V3.3.0, X-CUBE-BLEMGR_V4.0.0, X-CUBE-EEPRMA1_V5.1.0, X-CUBE-FREERTOS_V1.3.0, X-CUBE-GNSS1_V6.0.0, X-CUBE-MEMS1_V11.2.0, X-CUBE-NFC4_V3.0.0, X-CUBE-NFC7_V1.0.1, X-CUBE-SFXS2LP1_V4.0.0, X-CUBE-SUBG2_V5.0.0, X-CUBE-TOF1_V3.4.3]
2025-06-25 22:21:14,757 [INFO] DbBoardsSqlite:226 - include board P-NUCLEO-WB55-NUCLEO as a kit item of type 'Nucleo-64'
2025-06-25 22:21:14,757 [INFO] DbBoardsSqlite:226 - include board P-NUCLEO-WB55-USBDONGLE as a kit item of type 'Nucleo USB Dongle'
2025-06-25 22:21:14,758 [INFO] DbBoardsSqlite:226 - include board STEVAL-IDP005V1 as a kit item of type 'Evaluation Board'
2025-06-25 22:21:14,759 [INFO] DbBoardsSqlite:226 - include board STEVAL-IDP005V2 as a kit item of type 'Evaluation Board'
2025-06-25 22:21:15,050 [INFO] ApiDb:240 - Found 646 in-development CPN: [B-G473E-ZEST1S, B-WB1M-WPAN1, B-WL5M-SUBG1, NUCLEO-C031C6, NUCLEO-C071RB, NUCLEO-H503RB, NUCLEO-H533RE, NUCLEO-H563ZI, NUCLEO-H7S3L8, NUCLEO-U031R8, NUCLEO-U083RC, NUCLEO-U545RE-Q, NUCLEO-U5A5ZJ-Q, NUCLEO-WB05KZ, NUCLEO-WB07CC, NUCLEO-WB09KE, NUCLEO-WBA52CG, NUCLEO-WBA55CG, STEVAL-PROTEUS1, STEVAL-SMARTAG2, STEVAL-STWINBX1, STM320518-EVAL, STM32C0116-DK, STM32C011D6Y3TR, STM32C011D6Y6TR, STM32C011F4P3, STM32C011F4P6, STM32C011F4U3, STM32C011F4U6TR, STM32C011F6P3, STM32C011F6P6, STM32C011F6U3, STM32C011F6U6TR, STM32C011J4M3, STM32C011J4M6, STM32C011J6M3, STM32C011J6M6, STM32C0316-DK, STM32C031C4T3, STM32C031C4T6, STM32C031C4U3, STM32C031C4U6, STM32C031C6T3, STM32C031C6T6, STM32C031C6U3, STM32C031C6U6, STM32C031F4P3, STM32C031F4P6, STM32C031F6P3, STM32C031F6P6, STM32C031G4U3, STM32C031G4U6, STM32C031G6U3, STM32C031G6U6, STM32C031K4T3, STM32C031K4T6, STM32C031K4U3, STM32C031K4U6, STM32C031K6T3, STM32C031K6T6, STM32C031K6U3, STM32C031K6U6, STM32C071C8T6, STM32C071C8T6N, STM32C071C8U6, STM32C071C8U6N, STM32C071CBT6, STM32C071CBT6N, STM32C071CBU6, STM32C071CBU6N, STM32C071F8P6, STM32C071F8P6N, STM32C071FBP6, STM32C071FBP6N, STM32C071FBY6TR, STM32C071G8U6, STM32C071G8U6N, STM32C071GBU6, STM32C071GBU6N, STM32C071K8T6, STM32C071K8T6N, STM32C071K8U6, STM32C071K8U6N, STM32C071KBT6, STM32C071KBT6N, STM32C071KBU6, STM32C071KBU6N, STM32C071R8T6, STM32C071R8T6N, STM32C071RBI6N, STM32C071RBT6, STM32C071RBT6N, STM32G071K8TXN, STM32G071K8UXN, STM32G081GBU6N, STM32G081KBT6N, STM32G081KBUXN, STM32G0B1CCT6N, STM32G0B1KCT6, STM32G0B1NEY6TR, STM32G0B1RCT6N, STM32G0C1CCT6, STM32G0C1CCT6N, STM32G0C1CCU6N, STM32G0C1CET6N, STM32G0C1CEU6N, STM32G0C1KCT6, STM32G0C1NEY6TR, STM32G0C1RCI6N, STM32G0C1RCT6N, STM32G0C1REI6N, STM32G0C1RET6N, STM32G0C1VCI6, STM32G0C1VEI6, STM32G411C6T3, STM32G411C6T6, STM32G411C6U3, STM32G411C6U6, STM32G411C8T3, STM32G411C8T6, STM32G411C8U3, STM32G411C8U6, STM32G411CBT3, STM32G411CBT6, STM32G411CBU3, STM32G411CBU6, STM32G411K6T3, STM32G411K6T6, STM32G411K6U3, STM32G411K6U6, STM32G411K8T3, STM32G411K8T6, STM32G411K8U3, STM32G411K8U6, STM32G411KBT3, STM32G411KBT6, STM32G411KBU3, STM32G411KBU6, STM32G411M6T3, STM32G411M6T6, STM32G411M8T3, STM32G411M8T6, STM32G411MBT3, STM32G411MBT6, STM32G411R6T3, STM32G411R6T6, STM32G411R8T3, STM32G411R8T6, STM32G411RBT3, STM32G411RBT6, STM32G414CBT3, STM32G414CBT6, STM32G414CBU3, STM32G414CBU6, STM32G414CCT3, STM32G414CCT6, STM32G414CCU3, STM32G414CCU6, STM32G414MBT3, STM32G414MBT6, STM32G414MCT3, STM32G414MCT6, STM32G414RBT3, STM32G414RBT6, STM32G414RCT3, STM32G414RCT6, STM32G414VBT3, STM32G414VBT6, STM32G414VCT3, STM32G414VCT6, STM32G431CBT3Z, STM32G431RBT3Z, STM32G471CCT6, STM32G471CCU6, STM32G471CET3, STM32G471CET6, STM32G471CEU3, STM32G471CEU6, STM32G471MCT6, STM32G471MET3, STM32G471MET6, STM32G471MEY6TR, STM32G471QCT6, STM32G471QET3, STM32G471RCT6, STM32G471RET3, STM32G471RET6, STM32G471VCH6, STM32G471VCI6, STM32G471VCT6, STM32G471VEH3, STM32G471VEH6, STM32G471VEI3, STM32G471VEI6, STM32G471VET3, STM32G471VET6, STM32G473QET3Z, STM32G473RET3Z, STM32G474CCT6, STM32G491RET3Z, STM32H503CBT6, STM32H503CBU6, STM32H503EBY6TR, STM32H503KBU6, STM32H503RBT6, STM32H523CCT6, STM32H523CCU6, STM32H523CET6, STM32H523CEU6, STM32H523HEY6TR, STM32H523RCT6, STM32H523RET6, STM32H523VCI6, STM32H523VCT6, STM32H523VEI6, STM32H523VET6, STM32H523ZCJ6, STM32H523ZCT6, STM32H523ZEJ6, STM32H523ZET6, STM32H533CET6, STM32H533CEU6, STM32H533HEY6TR, STM32H533RET6, STM32H533VEI6, STM32H533VET6, STM32H533ZEJ6, STM32H533ZET6, STM32H562AGI6, STM32H562AII6, STM32H562IGK6, STM32H562IGT6, STM32H562IIK6, STM32H562IIT6, STM32H562RGT6, STM32H562RGV6, STM32H562RIT6, STM32H562RIV6, STM32H562VGT6, STM32H562VIT6, STM32H562ZGT6, STM32H562ZIT6, STM32H563AGI6, STM32H563AII3Q, STM32H563AII6, STM32H563IGK6, STM32H563IGT6, STM32H563IIK3Q, STM32H563IIK6, STM32H563IIT3Q, STM32H563IIT6, STM32H563MIY3QTR, STM32H563RGT6, STM32H563RGV6, STM32H563RIT6, STM32H563RIV6, STM32H563VGT6, STM32H563VIT3Q, STM32H563VIT6, STM32H563ZGT6, STM32H563ZIT3Q, STM32H563ZIT6, STM32H573AII3Q, STM32H573AII6, STM32H573I-DK, STM32H573IIK3Q, STM32H573IIK6, STM32H573IIT3Q, STM32H573IIT6, STM32H573MIY3QTR, STM32H573RIT6, STM32H573RIV6, STM32H573VIT3Q, STM32H573VIT6, STM32H573ZIT3Q, STM32H573ZIT6, STM32H7R3A8I6, STM32H7R3I8K6, STM32H7R3I8T6, STM32H7R3L8H6, STM32H7R3L8H6H, STM32H7R3R8V6, STM32H7R3V8H6, STM32H7R3V8T6, STM32H7R3V8Y6TR, STM32H7R3Z8J6, STM32H7R3Z8T6, STM32H7R7A8I6, STM32H7R7I8K6, STM32H7R7I8T6, STM32H7R7L8H6, STM32H7R7L8H6H, STM32H7R7Z8J6, STM32H7S3A8I6, STM32H7S3I8K6, STM32H7S3I8T6, STM32H7S3L8H6, STM32H7S3L8H6H, STM32H7S3R8V6, STM32H7S3V8H6, STM32H7S3V8T6, STM32H7S3V8Y6TR, STM32H7S3Z8J6, STM32H7S3Z8T6, STM32H7S78-DK, STM32H7S7A8I6, STM32H7S7I8K6, STM32H7S7I8T6, STM32H7S7L8H6, STM32H7S7L8H6H, STM32H7S7Z8J6, STM32L4R5QGI6STR, STM32MP131AAE3, STM32MP131AAF3, STM32MP131AAG3, STM32MP131CAE3, STM32MP131CAF3, STM32MP131CAG3, STM32MP131DAE7, STM32MP131DAF7, STM32MP131DAG7, STM32MP131FAE7, STM32MP131FAF7, STM32MP131FAG7, STM32MP133AAE3, STM32MP133AAF3, STM32MP133AAG3, STM32MP133CAE3, STM32MP133CAF3, STM32MP133CAG3, STM32MP133DAE7, STM32MP133DAF7, STM32MP133DAG7, STM32MP133FAE7, STM32MP133FAF7, STM32MP133FAG7, STM32MP135AAE3, STM32MP135AAF3, STM32MP135AAG3, STM32MP135CAE3, STM32MP135CAF3, STM32MP135CAG3, STM32MP135DAE7, STM32MP135DAF7, STM32MP135DAG7, STM32MP135F-DK, STM32MP135FAE7, STM32MP135FAF7, STM32MP135FAF7T, STM32MP135FAF7U, STM32MP135FAG7, STM32MP251AAI3, STM32MP251AAK3, STM32MP251AAL3, STM32MP251CAI3, STM32MP251CAK3, STM32MP251CAL3, STM32MP251DAI3, STM32MP251DAK3, STM32MP251DAL3, STM32MP251FAI3, STM32MP251FAK3, STM32MP251FAL3, STM32MP253AAI3, STM32MP253AAK3, STM32MP253AAL3, STM32MP253CAI3, STM32MP253CAK3, STM32MP253CAL3, STM32MP253DAI3, STM32MP253DAK3, STM32MP253DAL3, STM32MP253FAI3, STM32MP253FAK3, STM32MP253FAL3, STM32MP255AAI3, STM32MP255AAK3, STM32MP255AAL3, STM32MP255CAI3, STM32MP255CAK3, STM32MP255CAL3, STM32MP255DAI3, STM32MP255DAK3, STM32MP255DAL3, STM32MP255FAI3, STM32MP255FAK3, STM32MP255FAL3, STM32MP257AAI3, STM32MP257AAK3, STM32MP257AAL3, STM32MP257CAI3, STM32MP257CAK3, STM32MP257CAL3, STM32MP257DAI3, STM32MP257DAK3, STM32MP257DAL3, STM32MP257F-DK, STM32MP257F-EV1, STM32MP257FAI3, STM32MP257FAK3, STM32MP257FAL3, STM32U031C6T6, STM32U031C6U6, STM32U031C8T6, STM32U031C8U6, STM32U031F4P6, STM32U031F6P6, STM32U031F8P6, STM32U031G6Y6TR, STM32U031G8Y6TR, STM32U031K4U6, STM32U031K6U6, STM32U031K8U6, STM32U031R6I6, STM32U031R6T6, STM32U031R8I6, STM32U031R8T6, STM32U073C8T6, STM32U073C8U6, STM32U073CBT6, STM32U073CBU6, STM32U073CCT6, STM32U073CCU6, STM32U073H8Y6TR, STM32U073HBY6TR, STM32U073HCY6TR, STM32U073K8U6, STM32U073KBU6, STM32U073KCU6, STM32U073M8I6, STM32U073M8T6, STM32U073MBI6, STM32U073MBT6, STM32U073MCI6, STM32U073MCT6, STM32U073R8I6, STM32U073R8T6, STM32U073RBI6, STM32U073RBT6, STM32U073RCI6, STM32U073RCT6, STM32U083C-DK, STM32U083CCT6, STM32U083CCU6, STM32U083HCY6TR, STM32U083KCU6, STM32U083MCI6, STM32U083MCT6, STM32U083RCI6, STM32U083RCT6, STM32U535CBT6, STM32U535CBT6Q, STM32U535CBU6, STM32U535CBU6Q, STM32U535CCT6, STM32U535CCT6Q, STM32U535CCU6, STM32U535CCU6Q, STM32U535CET6, STM32U535CET6Q, STM32U535CEU6, STM32U535CEU6Q, STM32U535JEY6QTR, STM32U535NCY6QTR, STM32U535NEY6QTR, STM32U535RBI6, STM32U535RBI6Q, STM32U535RBT6, STM32U535RBT6Q, STM32U535RCI6, STM32U535RCI6Q, STM32U535RCT6, STM32U535RCT6Q, STM32U535REI6, STM32U535REI6Q, STM32U535RET6, STM32U535RET6Q, STM32U535VCI6, STM32U535VCI6Q, STM32U535VCT6, STM32U535VCT6Q, STM32U535VEI6, STM32U535VEI6Q, STM32U535VET6, STM32U535VET6Q, STM32U545CET6, STM32U545CET6Q, STM32U545CEU6, STM32U545CEU6Q, STM32U545JEY6QTR, STM32U545NEY6QTR, STM32U545REI6, STM32U545REI6Q, STM32U545RET6, STM32U545RET6Q, STM32U545VEI6, STM32U545VEI6Q, STM32U545VET6, STM32U545VET6Q, STM32U595AIH6, STM32U595AIH6Q, STM32U595AJH6, STM32U595AJH6Q, STM32U595QII6, STM32U595QII6Q, STM32U595QJI6, STM32U595QJI6Q, STM32U595RIT6, STM32U595RIT6Q, STM32U595RJT6, STM32U595RJT6Q, STM32U595VIT6, STM32U595VIT6Q, STM32U595VJT6, STM32U595VJT6Q, STM32U595ZIT6, STM32U595ZIT6Q, STM32U595ZIY6QTR, STM32U595ZJT6, STM32U595ZJT6Q, STM32U595ZJY6QTR, STM32U599BJY6QTR, STM32U599NIH6Q, STM32U599NJH6Q, STM32U599VIT6Q, STM32U599VJT6, STM32U599VJT6Q, STM32U599ZIT6Q, STM32U599ZIY6QTR, STM32U599ZJT6Q, STM32U599ZJY6QTR, STM32U5A5AJH6, STM32U5A5AJH6Q, STM32U5A5QII3Q , STM32U5A5QJI6, STM32U5A5QJI6Q, STM32U5A5RJT6, STM32U5A5RJT6Q, STM32U5A5VJT6, STM32U5A5VJT6Q, STM32U5A5ZJT6, STM32U5A5ZJT6Q, STM32U5A5ZJY6QTR, STM32U5A9BJY6QTR, STM32U5A9J-DK, STM32U5A9NJH6Q, STM32U5A9VJT6Q, STM32U5A9ZJT6Q, STM32U5A9ZJY6QTR, STM32U5F7VIT6, STM32U5F7VIT6Q, STM32U5F7VJT6, STM32U5F7VJT6Q, STM32U5F9BJY6QTR, STM32U5F9NJH6Q, STM32U5F9VIT6Q, STM32U5F9VJT6Q, STM32U5F9ZIJ6QTR, STM32U5F9ZIT6Q, STM32U5F9ZJJ6QTR, STM32U5F9ZJT6Q, STM32U5G7VJT6, STM32U5G7VJT6Q, STM32U5G9BJY6QTR, STM32U5G9J-DK1, STM32U5G9J-DK2, STM32U5G9NJH6Q, STM32U5G9VJT6Q, STM32U5G9ZJJ6QTR, STM32U5G9ZJT6Q, STM32WB05KZV6TR, STM32WB05KZV7TR, STM32WB05TZF6TR, STM32WB05TZF7TR, STM32WB06CCF6TR, STM32WB06CCF7TR, STM32WB06CCV6TR, STM32WB06CCV7TR, STM32WB06KCV6TR, STM32WB06KCV7TR, STM32WB07CCF6TR, STM32WB07CCF7TR, STM32WB07CCV6TR, STM32WB07CCV7TR, STM32WB07KCV6TR, STM32WB07KCV7TR, STM32WB09KEV6TR, STM32WB09KEV7TR, STM32WB09TEF6TR, STM32WB09TEF7TR, STM32WB1MMCH6, STM32WBA50KGU6, STM32WBA50KGU6TR, STM32WBA52CEU6, STM32WBA52CEU6TR, STM32WBA52CEU7, STM32WBA52CEU7TR, STM32WBA52CGU6, STM32WBA52CGU6TR, STM32WBA52CGU6U, STM32WBA52CGU7, STM32WBA52CGU7TR, STM32WBA52KEU6, STM32WBA52KEU6TR, STM32WBA52KGU6, STM32WBA52KGU6TR, STM32WBA54CEU6, STM32WBA54CEU6TR, STM32WBA54CEU7, STM32WBA54CEU7TR, STM32WBA54CGU6, STM32WBA54CGU6TR, STM32WBA54CGU7, STM32WBA54CGU7TR, STM32WBA54KEU6, STM32WBA54KEU6TR, STM32WBA54KEU7, STM32WBA54KEU7TR, STM32WBA54KGU6, STM32WBA54KGU6TR, STM32WBA54KGU7, STM32WBA54KGU7TR, STM32WBA55CEU6, STM32WBA55CEU6TR, STM32WBA55CEU7, STM32WBA55CEU7TR, STM32WBA55CGU6, STM32WBA55CGU6TR, STM32WBA55CGU6U, STM32WBA55CGU7, STM32WBA55CGU7TR, STM32WBA55G-DK1, STM32WBA55HEF6, STM32WBA55HEF7, STM32WBA55HGF6, STM32WBA55HGF7, STM32WBA55UEI6, STM32WBA55UEI6TR, STM32WBA55UEI7, STM32WBA55UEI7TR, STM32WBA55UGI6, STM32WBA55UGI6TR, STM32WBA55UGI7, STM32WBA55UGI7TR, STM32WL5MOCH6, STM32WL5MOCH6TR]
2025-06-25 22:21:15,053 [INFO] ApiDb:668 - CubeFinder database Data Model version=2.1
2025-06-25 22:21:15,053 [INFO] ApiDb:669 - CubeFinder database Configuration version=3.0.39
2025-06-25 22:21:15,053 [INFO] ApiDb:670 - CubeFinder database generation date=2025-04-23 (1745419778)
2025-06-25 22:21:15,053 [INFO] ApiDb:671 - CubeFinder database FW Pack versions=[FP-ATR-ASTRA1_V2.0.0, FP-SNS-FLIGHT1_V5.1.0, FP-SNS-MOTENV1_V5.0.0, FP-SNS-MOTENVWB1_V1.4.0, FP-SNS-SMARTAG2_V1.2.0, FP-SNS-STBOX1_V2.0.0, STM32Cube_FW_C0_V1.4.0, STM32Cube_FW_F4_V1.28.1, STM32Cube_FW_F7_V1.17.2, STM32Cube_FW_G0_V1.6.2, STM32Cube_FW_G4_V1.6.1, STM32Cube_FW_H5_V1.5.0, STM32Cube_FW_H7RS_V1.2.0, STM32Cube_FW_H7_V1.12.1, STM32Cube_FW_L0_V1.12.2, STM32Cube_FW_L4_V1.18.1, STM32Cube_FW_L5_V1.5.1, STM32Cube_FW_N6_V1.1.1, STM32Cube_FW_U0_V1.2.0, STM32Cube_FW_U3_V1.1.0, STM32Cube_FW_U5_V1.7.0, STM32Cube_FW_WB0_V1.2.0, STM32Cube_FW_WBA_V1.6.0, STM32Cube_FW_WB_V1.22.0, STM32Cube_FW_WL3_V1.1.0, STM32Cube_FW_WL_V1.3.1, X-CUBE-ALGOBUILD_V1.4.0, X-CUBE-ALS_V1.0.2, X-CUBE-AZRTOS-F4_V1.1.0, X-CUBE-AZRTOS-F7_V1.1.0, X-CUBE-AZRTOS-G0_V1.1.0, X-CUBE-AZRTOS-G4_V2.0.0, X-CUBE-AZRTOS-H7RS_V1.1.0, X-CUBE-AZRTOS-H7_V3.3.0, X-CUBE-AZRTOS-L4_V2.0.0, X-CUBE-AZRTOS-L5_V2.0.0, X-CUBE-AZRTOS-WB_V2.0.0, X-CUBE-AZRTOS-WL_V2.0.0, X-CUBE-BLE1_V7.1.0, X-CUBE-BLE2_V3.3.0, X-CUBE-BLEMGR_V4.0.0, X-CUBE-EEPRMA1_V5.1.0, X-CUBE-FREERTOS_V1.3.0, X-CUBE-GNSS1_V6.0.0, X-CUBE-MEMS1_V11.2.0, X-CUBE-NFC4_V3.0.0, X-CUBE-NFC7_V1.0.1, X-CUBE-SFXS2LP1_V4.0.0, X-CUBE-SUBG2_V5.0.0, X-CUBE-TOF1_V3.4.3]
2025-06-25 22:21:17,268 [INFO] ApiDb:240 - Found 646 in-development CPN: [B-G473E-ZEST1S, B-WB1M-WPAN1, B-WL5M-SUBG1, NUCLEO-C031C6, NUCLEO-C071RB, NUCLEO-H503RB, NUCLEO-H533RE, NUCLEO-H563ZI, NUCLEO-H7S3L8, NUCLEO-U031R8, NUCLEO-U083RC, NUCLEO-U545RE-Q, NUCLEO-U5A5ZJ-Q, NUCLEO-WB05KZ, NUCLEO-WB07CC, NUCLEO-WB09KE, NUCLEO-WBA52CG, NUCLEO-WBA55CG, STEVAL-PROTEUS1, STEVAL-SMARTAG2, STEVAL-STWINBX1, STM320518-EVAL, STM32C0116-DK, STM32C011D6Y3TR, STM32C011D6Y6TR, STM32C011F4P3, STM32C011F4P6, STM32C011F4U3, STM32C011F4U6TR, STM32C011F6P3, STM32C011F6P6, STM32C011F6U3, STM32C011F6U6TR, STM32C011J4M3, STM32C011J4M6, STM32C011J6M3, STM32C011J6M6, STM32C0316-DK, STM32C031C4T3, STM32C031C4T6, STM32C031C4U3, STM32C031C4U6, STM32C031C6T3, STM32C031C6T6, STM32C031C6U3, STM32C031C6U6, STM32C031F4P3, STM32C031F4P6, STM32C031F6P3, STM32C031F6P6, STM32C031G4U3, STM32C031G4U6, STM32C031G6U3, STM32C031G6U6, STM32C031K4T3, STM32C031K4T6, STM32C031K4U3, STM32C031K4U6, STM32C031K6T3, STM32C031K6T6, STM32C031K6U3, STM32C031K6U6, STM32C071C8T6, STM32C071C8T6N, STM32C071C8U6, STM32C071C8U6N, STM32C071CBT6, STM32C071CBT6N, STM32C071CBU6, STM32C071CBU6N, STM32C071F8P6, STM32C071F8P6N, STM32C071FBP6, STM32C071FBP6N, STM32C071FBY6TR, STM32C071G8U6, STM32C071G8U6N, STM32C071GBU6, STM32C071GBU6N, STM32C071K8T6, STM32C071K8T6N, STM32C071K8U6, STM32C071K8U6N, STM32C071KBT6, STM32C071KBT6N, STM32C071KBU6, STM32C071KBU6N, STM32C071R8T6, STM32C071R8T6N, STM32C071RBI6N, STM32C071RBT6, STM32C071RBT6N, STM32G071K8TXN, STM32G071K8UXN, STM32G081GBU6N, STM32G081KBT6N, STM32G081KBUXN, STM32G0B1CCT6N, STM32G0B1KCT6, STM32G0B1NEY6TR, STM32G0B1RCT6N, STM32G0C1CCT6, STM32G0C1CCT6N, STM32G0C1CCU6N, STM32G0C1CET6N, STM32G0C1CEU6N, STM32G0C1KCT6, STM32G0C1NEY6TR, STM32G0C1RCI6N, STM32G0C1RCT6N, STM32G0C1REI6N, STM32G0C1RET6N, STM32G0C1VCI6, STM32G0C1VEI6, STM32G411C6T3, STM32G411C6T6, STM32G411C6U3, STM32G411C6U6, STM32G411C8T3, STM32G411C8T6, STM32G411C8U3, STM32G411C8U6, STM32G411CBT3, STM32G411CBT6, STM32G411CBU3, STM32G411CBU6, STM32G411K6T3, STM32G411K6T6, STM32G411K6U3, STM32G411K6U6, STM32G411K8T3, STM32G411K8T6, STM32G411K8U3, STM32G411K8U6, STM32G411KBT3, STM32G411KBT6, STM32G411KBU3, STM32G411KBU6, STM32G411M6T3, STM32G411M6T6, STM32G411M8T3, STM32G411M8T6, STM32G411MBT3, STM32G411MBT6, STM32G411R6T3, STM32G411R6T6, STM32G411R8T3, STM32G411R8T6, STM32G411RBT3, STM32G411RBT6, STM32G414CBT3, STM32G414CBT6, STM32G414CBU3, STM32G414CBU6, STM32G414CCT3, STM32G414CCT6, STM32G414CCU3, STM32G414CCU6, STM32G414MBT3, STM32G414MBT6, STM32G414MCT3, STM32G414MCT6, STM32G414RBT3, STM32G414RBT6, STM32G414RCT3, STM32G414RCT6, STM32G414VBT3, STM32G414VBT6, STM32G414VCT3, STM32G414VCT6, STM32G431CBT3Z, STM32G431RBT3Z, STM32G471CCT6, STM32G471CCU6, STM32G471CET3, STM32G471CET6, STM32G471CEU3, STM32G471CEU6, STM32G471MCT6, STM32G471MET3, STM32G471MET6, STM32G471MEY6TR, STM32G471QCT6, STM32G471QET3, STM32G471RCT6, STM32G471RET3, STM32G471RET6, STM32G471VCH6, STM32G471VCI6, STM32G471VCT6, STM32G471VEH3, STM32G471VEH6, STM32G471VEI3, STM32G471VEI6, STM32G471VET3, STM32G471VET6, STM32G473QET3Z, STM32G473RET3Z, STM32G474CCT6, STM32G491RET3Z, STM32H503CBT6, STM32H503CBU6, STM32H503EBY6TR, STM32H503KBU6, STM32H503RBT6, STM32H523CCT6, STM32H523CCU6, STM32H523CET6, STM32H523CEU6, STM32H523HEY6TR, STM32H523RCT6, STM32H523RET6, STM32H523VCI6, STM32H523VCT6, STM32H523VEI6, STM32H523VET6, STM32H523ZCJ6, STM32H523ZCT6, STM32H523ZEJ6, STM32H523ZET6, STM32H533CET6, STM32H533CEU6, STM32H533HEY6TR, STM32H533RET6, STM32H533VEI6, STM32H533VET6, STM32H533ZEJ6, STM32H533ZET6, STM32H562AGI6, STM32H562AII6, STM32H562IGK6, STM32H562IGT6, STM32H562IIK6, STM32H562IIT6, STM32H562RGT6, STM32H562RGV6, STM32H562RIT6, STM32H562RIV6, STM32H562VGT6, STM32H562VIT6, STM32H562ZGT6, STM32H562ZIT6, STM32H563AGI6, STM32H563AII3Q, STM32H563AII6, STM32H563IGK6, STM32H563IGT6, STM32H563IIK3Q, STM32H563IIK6, STM32H563IIT3Q, STM32H563IIT6, STM32H563MIY3QTR, STM32H563RGT6, STM32H563RGV6, STM32H563RIT6, STM32H563RIV6, STM32H563VGT6, STM32H563VIT3Q, STM32H563VIT6, STM32H563ZGT6, STM32H563ZIT3Q, STM32H563ZIT6, STM32H573AII3Q, STM32H573AII6, STM32H573I-DK, STM32H573IIK3Q, STM32H573IIK6, STM32H573IIT3Q, STM32H573IIT6, STM32H573MIY3QTR, STM32H573RIT6, STM32H573RIV6, STM32H573VIT3Q, STM32H573VIT6, STM32H573ZIT3Q, STM32H573ZIT6, STM32H7R3A8I6, STM32H7R3I8K6, STM32H7R3I8T6, STM32H7R3L8H6, STM32H7R3L8H6H, STM32H7R3R8V6, STM32H7R3V8H6, STM32H7R3V8T6, STM32H7R3V8Y6TR, STM32H7R3Z8J6, STM32H7R3Z8T6, STM32H7R7A8I6, STM32H7R7I8K6, STM32H7R7I8T6, STM32H7R7L8H6, STM32H7R7L8H6H, STM32H7R7Z8J6, STM32H7S3A8I6, STM32H7S3I8K6, STM32H7S3I8T6, STM32H7S3L8H6, STM32H7S3L8H6H, STM32H7S3R8V6, STM32H7S3V8H6, STM32H7S3V8T6, STM32H7S3V8Y6TR, STM32H7S3Z8J6, STM32H7S3Z8T6, STM32H7S78-DK, STM32H7S7A8I6, STM32H7S7I8K6, STM32H7S7I8T6, STM32H7S7L8H6, STM32H7S7L8H6H, STM32H7S7Z8J6, STM32L4R5QGI6STR, STM32MP131AAE3, STM32MP131AAF3, STM32MP131AAG3, STM32MP131CAE3, STM32MP131CAF3, STM32MP131CAG3, STM32MP131DAE7, STM32MP131DAF7, STM32MP131DAG7, STM32MP131FAE7, STM32MP131FAF7, STM32MP131FAG7, STM32MP133AAE3, STM32MP133AAF3, STM32MP133AAG3, STM32MP133CAE3, STM32MP133CAF3, STM32MP133CAG3, STM32MP133DAE7, STM32MP133DAF7, STM32MP133DAG7, STM32MP133FAE7, STM32MP133FAF7, STM32MP133FAG7, STM32MP135AAE3, STM32MP135AAF3, STM32MP135AAG3, STM32MP135CAE3, STM32MP135CAF3, STM32MP135CAG3, STM32MP135DAE7, STM32MP135DAF7, STM32MP135DAG7, STM32MP135F-DK, STM32MP135FAE7, STM32MP135FAF7, STM32MP135FAF7T, STM32MP135FAF7U, STM32MP135FAG7, STM32MP251AAI3, STM32MP251AAK3, STM32MP251AAL3, STM32MP251CAI3, STM32MP251CAK3, STM32MP251CAL3, STM32MP251DAI3, STM32MP251DAK3, STM32MP251DAL3, STM32MP251FAI3, STM32MP251FAK3, STM32MP251FAL3, STM32MP253AAI3, STM32MP253AAK3, STM32MP253AAL3, STM32MP253CAI3, STM32MP253CAK3, STM32MP253CAL3, STM32MP253DAI3, STM32MP253DAK3, STM32MP253DAL3, STM32MP253FAI3, STM32MP253FAK3, STM32MP253FAL3, STM32MP255AAI3, STM32MP255AAK3, STM32MP255AAL3, STM32MP255CAI3, STM32MP255CAK3, STM32MP255CAL3, STM32MP255DAI3, STM32MP255DAK3, STM32MP255DAL3, STM32MP255FAI3, STM32MP255FAK3, STM32MP255FAL3, STM32MP257AAI3, STM32MP257AAK3, STM32MP257AAL3, STM32MP257CAI3, STM32MP257CAK3, STM32MP257CAL3, STM32MP257DAI3, STM32MP257DAK3, STM32MP257DAL3, STM32MP257F-DK, STM32MP257F-EV1, STM32MP257FAI3, STM32MP257FAK3, STM32MP257FAL3, STM32U031C6T6, STM32U031C6U6, STM32U031C8T6, STM32U031C8U6, STM32U031F4P6, STM32U031F6P6, STM32U031F8P6, STM32U031G6Y6TR, STM32U031G8Y6TR, STM32U031K4U6, STM32U031K6U6, STM32U031K8U6, STM32U031R6I6, STM32U031R6T6, STM32U031R8I6, STM32U031R8T6, STM32U073C8T6, STM32U073C8U6, STM32U073CBT6, STM32U073CBU6, STM32U073CCT6, STM32U073CCU6, STM32U073H8Y6TR, STM32U073HBY6TR, STM32U073HCY6TR, STM32U073K8U6, STM32U073KBU6, STM32U073KCU6, STM32U073M8I6, STM32U073M8T6, STM32U073MBI6, STM32U073MBT6, STM32U073MCI6, STM32U073MCT6, STM32U073R8I6, STM32U073R8T6, STM32U073RBI6, STM32U073RBT6, STM32U073RCI6, STM32U073RCT6, STM32U083C-DK, STM32U083CCT6, STM32U083CCU6, STM32U083HCY6TR, STM32U083KCU6, STM32U083MCI6, STM32U083MCT6, STM32U083RCI6, STM32U083RCT6, STM32U535CBT6, STM32U535CBT6Q, STM32U535CBU6, STM32U535CBU6Q, STM32U535CCT6, STM32U535CCT6Q, STM32U535CCU6, STM32U535CCU6Q, STM32U535CET6, STM32U535CET6Q, STM32U535CEU6, STM32U535CEU6Q, STM32U535JEY6QTR, STM32U535NCY6QTR, STM32U535NEY6QTR, STM32U535RBI6, STM32U535RBI6Q, STM32U535RBT6, STM32U535RBT6Q, STM32U535RCI6, STM32U535RCI6Q, STM32U535RCT6, STM32U535RCT6Q, STM32U535REI6, STM32U535REI6Q, STM32U535RET6, STM32U535RET6Q, STM32U535VCI6, STM32U535VCI6Q, STM32U535VCT6, STM32U535VCT6Q, STM32U535VEI6, STM32U535VEI6Q, STM32U535VET6, STM32U535VET6Q, STM32U545CET6, STM32U545CET6Q, STM32U545CEU6, STM32U545CEU6Q, STM32U545JEY6QTR, STM32U545NEY6QTR, STM32U545REI6, STM32U545REI6Q, STM32U545RET6, STM32U545RET6Q, STM32U545VEI6, STM32U545VEI6Q, STM32U545VET6, STM32U545VET6Q, STM32U595AIH6, STM32U595AIH6Q, STM32U595AJH6, STM32U595AJH6Q, STM32U595QII6, STM32U595QII6Q, STM32U595QJI6, STM32U595QJI6Q, STM32U595RIT6, STM32U595RIT6Q, STM32U595RJT6, STM32U595RJT6Q, STM32U595VIT6, STM32U595VIT6Q, STM32U595VJT6, STM32U595VJT6Q, STM32U595ZIT6, STM32U595ZIT6Q, STM32U595ZIY6QTR, STM32U595ZJT6, STM32U595ZJT6Q, STM32U595ZJY6QTR, STM32U599BJY6QTR, STM32U599NIH6Q, STM32U599NJH6Q, STM32U599VIT6Q, STM32U599VJT6, STM32U599VJT6Q, STM32U599ZIT6Q, STM32U599ZIY6QTR, STM32U599ZJT6Q, STM32U599ZJY6QTR, STM32U5A5AJH6, STM32U5A5AJH6Q, STM32U5A5QII3Q , STM32U5A5QJI6, STM32U5A5QJI6Q, STM32U5A5RJT6, STM32U5A5RJT6Q, STM32U5A5VJT6, STM32U5A5VJT6Q, STM32U5A5ZJT6, STM32U5A5ZJT6Q, STM32U5A5ZJY6QTR, STM32U5A9BJY6QTR, STM32U5A9J-DK, STM32U5A9NJH6Q, STM32U5A9VJT6Q, STM32U5A9ZJT6Q, STM32U5A9ZJY6QTR, STM32U5F7VIT6, STM32U5F7VIT6Q, STM32U5F7VJT6, STM32U5F7VJT6Q, STM32U5F9BJY6QTR, STM32U5F9NJH6Q, STM32U5F9VIT6Q, STM32U5F9VJT6Q, STM32U5F9ZIJ6QTR, STM32U5F9ZIT6Q, STM32U5F9ZJJ6QTR, STM32U5F9ZJT6Q, STM32U5G7VJT6, STM32U5G7VJT6Q, STM32U5G9BJY6QTR, STM32U5G9J-DK1, STM32U5G9J-DK2, STM32U5G9NJH6Q, STM32U5G9VJT6Q, STM32U5G9ZJJ6QTR, STM32U5G9ZJT6Q, STM32WB05KZV6TR, STM32WB05KZV7TR, STM32WB05TZF6TR, STM32WB05TZF7TR, STM32WB06CCF6TR, STM32WB06CCF7TR, STM32WB06CCV6TR, STM32WB06CCV7TR, STM32WB06KCV6TR, STM32WB06KCV7TR, STM32WB07CCF6TR, STM32WB07CCF7TR, STM32WB07CCV6TR, STM32WB07CCV7TR, STM32WB07KCV6TR, STM32WB07KCV7TR, STM32WB09KEV6TR, STM32WB09KEV7TR, STM32WB09TEF6TR, STM32WB09TEF7TR, STM32WB1MMCH6, STM32WBA50KGU6, STM32WBA50KGU6TR, STM32WBA52CEU6, STM32WBA52CEU6TR, STM32WBA52CEU7, STM32WBA52CEU7TR, STM32WBA52CGU6, STM32WBA52CGU6TR, STM32WBA52CGU6U, STM32WBA52CGU7, STM32WBA52CGU7TR, STM32WBA52KEU6, STM32WBA52KEU6TR, STM32WBA52KGU6, STM32WBA52KGU6TR, STM32WBA54CEU6, STM32WBA54CEU6TR, STM32WBA54CEU7, STM32WBA54CEU7TR, STM32WBA54CGU6, STM32WBA54CGU6TR, STM32WBA54CGU7, STM32WBA54CGU7TR, STM32WBA54KEU6, STM32WBA54KEU6TR, STM32WBA54KEU7, STM32WBA54KEU7TR, STM32WBA54KGU6, STM32WBA54KGU6TR, STM32WBA54KGU7, STM32WBA54KGU7TR, STM32WBA55CEU6, STM32WBA55CEU6TR, STM32WBA55CEU7, STM32WBA55CEU7TR, STM32WBA55CGU6, STM32WBA55CGU6TR, STM32WBA55CGU6U, STM32WBA55CGU7, STM32WBA55CGU7TR, STM32WBA55G-DK1, STM32WBA55HEF6, STM32WBA55HEF7, STM32WBA55HGF6, STM32WBA55HGF7, STM32WBA55UEI6, STM32WBA55UEI6TR, STM32WBA55UEI7, STM32WBA55UEI7TR, STM32WBA55UGI6, STM32WBA55UGI6TR, STM32WBA55UGI7, STM32WBA55UGI7TR, STM32WL5MOCH6, STM32WL5MOCH6TR]
2025-06-25 22:21:17,274 [INFO] DbMcus:218 - Found 4657 MCUs, 4657 are supported
2025-06-25 22:21:17,274 [INFO] ApiDb:423 - Load user favorites file C:\Users\LENOVO/.stm32cubeide/favorites.mcus.txt: 0 item(s)
2025-06-25 22:21:17,275 [INFO] ApiDb:427 - User favorites MCUs=[]
2025-06-25 22:21:17,275 [INFO] DbMcus:224 - Set 0 / 0 favorites MCUs
2025-06-25 22:21:17,673 [INFO] BoardInfo:889 - No configuration file found for board NUCLEO-C051C8
2025-06-25 22:21:17,674 [INFO] DbBoards:161 - Board is not supported: NUCLEO-C051C8
2025-06-25 22:21:17,676 [INFO] BoardInfo:889 - No configuration file found for board NUCLEO-C092RC
2025-06-25 22:21:17,677 [INFO] DbBoards:161 - Board is not supported: NUCLEO-C092RC
2025-06-25 22:21:17,780 [INFO] BoardInfo:889 - No configuration file found for board NUCLEO-N657X0-Q
2025-06-25 22:21:17,781 [INFO] DbBoards:161 - Board is not supported: NUCLEO-N657X0-Q
2025-06-25 22:21:17,785 [INFO] BoardInfo:889 - No configuration file found for board NUCLEO-U385RG-Q
2025-06-25 22:21:17,786 [INFO] DbBoards:161 - Board is not supported: NUCLEO-U385RG-Q
2025-06-25 22:21:17,803 [INFO] BoardInfo:889 - No configuration file found for board NUCLEO-WBA65RI
2025-06-25 22:21:17,804 [INFO] DbBoards:161 - Board is not supported: NUCLEO-WBA65RI
2025-06-25 22:21:17,805 [INFO] BoardInfo:889 - No configuration file found for board NUCLEO-WL33CC1
2025-06-25 22:21:17,806 [INFO] DbBoards:161 - Board is not supported: NUCLEO-WL33CC1
2025-06-25 22:21:17,807 [INFO] BoardInfo:889 - No configuration file found for board NUCLEO-WL33CC2
2025-06-25 22:21:17,807 [INFO] DbBoards:161 - Board is not supported: NUCLEO-WL33CC2
2025-06-25 22:21:17,814 [INFO] BoardInfo:889 - No configuration file found for board P-NUCLEO-WB55
2025-06-25 22:21:17,815 [INFO] DbBoards:161 - Kit is not supported: P-NUCLEO-WB55
2025-06-25 22:21:17,822 [INFO] BoardInfo:889 - No configuration file found for board STEVAL-BFA001V1B
2025-06-25 22:21:17,822 [INFO] DbBoards:161 - Kit is not supported: STEVAL-BFA001V1B
2025-06-25 22:21:17,823 [INFO] BoardInfo:889 - No configuration file found for board STEVAL-BFA001V2B
2025-06-25 22:21:17,824 [INFO] DbBoards:161 - Kit is not supported: STEVAL-BFA001V2B
2025-06-25 22:21:17,983 [INFO] BoardInfo:889 - No configuration file found for board STM32N6570-DK
2025-06-25 22:21:17,984 [INFO] DbBoards:161 - Board is not supported: STM32N6570-DK
2025-06-25 22:21:17,997 [INFO] BoardInfo:889 - No configuration file found for board STM32WBA65I-DK1
2025-06-25 22:21:17,998 [INFO] DbBoards:161 - Board is not supported: STM32WBA65I-DK1
2025-06-25 22:21:17,998 [INFO] DbBoards:168 - Found 210 boards, 198 are supported
2025-06-25 22:21:17,998 [INFO] DbBoards:169 - Found 210 boards, 25 of them is supported for  Bsp
2025-06-25 22:21:18,000 [INFO] ApiDb:423 - Load user favorites file C:\Users\LENOVO/.stm32cubeide/favorites.boards.txt: 0 item(s)
2025-06-25 22:21:18,001 [INFO] ApiDb:427 - User favorites Boards=[]
2025-06-25 22:21:18,001 [INFO] DbBoards:198 - Set 0 / 0 favorites Boards
2025-06-25 22:21:18,042 [INFO] UtilMem:75 - End LoadConfig() Used Memory: 238840160 Bytes (408944640)
2025-06-25 22:21:18,185 [WARN] ThirdParty:833 - waiting for thirdparty lock release [change project]
2025-06-25 22:21:18,185 [INFO] ThirdParty:835 - entering critical section [change project]
2025-06-25 22:21:18,185 [INFO] ThirdParty:1030 - CMSIS Pack Vendor :STMicroelectronics X-CUBE-PM33A1 1.0.0
2025-06-25 22:21:18,185 [INFO] ThirdParty:1030 - CMSIS Pack Vendor :STMicroelectronics USBPD 4.1
2025-06-25 22:21:18,185 [INFO] ThirdParty:1030 - CMSIS Pack Vendor :STMicroelectronics X-CUBE-GNSS1 6.0.0
2025-06-25 22:21:18,185 [INFO] ThirdParty:1030 - CMSIS Pack Vendor :STMicroelectronics USB_HOST 2.0.0
2025-06-25 22:21:18,185 [INFO] ThirdParty:1030 - CMSIS Pack Vendor :STMicroelectronics FP-SNS-MOTENVWB1 1.4.0
2025-06-25 22:21:18,185 [INFO] ThirdParty:1030 - CMSIS Pack Vendor :STMicroelectronics X-CUBE-AZRTOS-F4 1.1.0
2025-06-25 22:21:18,185 [INFO] ThirdParty:1030 - CMSIS Pack Vendor :STMicroelectronics LIBJPEG 8.0.0
2025-06-25 22:21:18,185 [INFO] ThirdParty:1030 - CMSIS Pack Vendor :STMicroelectronics FP-ATR-ASTRA1 2.0.2
2025-06-25 22:21:18,185 [INFO] ThirdParty:1030 - CMSIS Pack Vendor :STMicroelectronics FP-ATR-ASTRA1 2.0.1
2025-06-25 22:21:18,185 [INFO] ThirdParty:1030 - CMSIS Pack Vendor :STMicroelectronics X-CUBE-SMBUS 2.1.0
2025-06-25 22:21:18,185 [INFO] ThirdParty:1030 - CMSIS Pack Vendor :STMicroelectronics X-CUBE-WB05N 1.1.0
2025-06-25 22:21:18,186 [INFO] ThirdParty:1030 - CMSIS Pack Vendor :STMicroelectronics X-CUBE-ISPU 2.1.0
2025-06-25 22:21:18,186 [INFO] ThirdParty:1030 - CMSIS Pack Vendor :STMicroelectronics X-CUBE-FREERTOS 1.2.0
2025-06-25 22:21:18,186 [INFO] ThirdParty:1030 - CMSIS Pack Vendor :STMicroelectronics X-CUBE-AZRTOS-F7 1.1.0
2025-06-25 22:21:18,186 [INFO] ThirdParty:1030 - CMSIS Pack Vendor :STMicroelectronics X-CUBE-AZRTOS-L5 2.0.0
2025-06-25 22:21:18,186 [INFO] ThirdParty:1030 - CMSIS Pack Vendor :STMicroelectronics USB_DEVICE 2.0.0
2025-06-25 22:21:18,186 [INFO] ThirdParty:1030 - CMSIS Pack Vendor :STMicroelectronics X-CUBE-NFC6 3.1.0
2025-06-25 22:21:18,186 [INFO] ThirdParty:1030 - CMSIS Pack Vendor :STMicroelectronics X-CUBE-MEMS1 11.0.0
2025-06-25 22:21:18,186 [INFO] ThirdParty:1030 - CMSIS Pack Vendor :STMicroelectronics X-CUBE-BLE1 6.2.4
2025-06-25 22:21:18,186 [INFO] ThirdParty:1030 - CMSIS Pack Vendor :STMicroelectronics FreeRTOS 0.0.1
2025-06-25 22:21:18,186 [INFO] ThirdParty:1030 - CMSIS Pack Vendor :emotas I-CUBE-CANOPEN 1.1.3
2025-06-25 22:21:18,186 [INFO] ThirdParty:1030 - CMSIS Pack Vendor :STMicroelectronics X-CUBE-DPower 1.2.0
2025-06-25 22:21:18,186 [INFO] ThirdParty:1030 - CMSIS Pack Vendor :STMicroelectronics FP-SNS-FLIGHT1 5.0.2
2025-06-25 22:21:18,186 [INFO] ThirdParty:1030 - CMSIS Pack Vendor :STMicroelectronics X-CUBE-NFC4 2.0.5
2025-06-25 22:21:18,186 [INFO] ThirdParty:1030 - CMSIS Pack Vendor :STMicroelectronics PDM2PCM 3.3.0
2025-06-25 22:21:18,186 [INFO] ThirdParty:1030 - CMSIS Pack Vendor :STMicroelectronics X-CUBE-DISPLAY 3.0.0
2025-06-25 22:21:18,186 [INFO] ThirdParty:1030 - CMSIS Pack Vendor :wolfSSL I-CUBE-wolfSSL 5.5.3
2025-06-25 22:21:18,186 [INFO] ThirdParty:1030 - CMSIS Pack Vendor :STMicroelectronics X-CUBE-BLE1 7.0.0
2025-06-25 22:21:18,186 [INFO] ThirdParty:1030 - CMSIS Pack Vendor :STMicroelectronics X-CUBE-NFC10 1.0.0
2025-06-25 22:21:18,186 [INFO] ThirdParty:1030 - CMSIS Pack Vendor :STMicroelectronics X-CUBE-BLEMGR 4.0.0
2025-06-25 22:21:18,186 [INFO] ThirdParty:1030 - CMSIS Pack Vendor :STMicroelectronics X-CUBE-FREERTOS 1.3.1
2025-06-25 22:21:18,186 [INFO] ThirdParty:1030 - CMSIS Pack Vendor :STMicroelectronics HAL Drivers 0.0.0
2025-06-25 22:21:18,187 [INFO] ThirdParty:1030 - CMSIS Pack Vendor :STMicroelectronics X-CUBE-FREERTOS 1.3.0
2025-06-25 22:21:18,187 [INFO] ThirdParty:1030 - CMSIS Pack Vendor :STMicroelectronics X-CUBE-NFC7 1.0.1
2025-06-25 22:21:18,187 [INFO] ThirdParty:1030 - CMSIS Pack Vendor :STMicroelectronics MBEDTLS 2.14.1
2025-06-25 22:21:18,187 [INFO] ThirdParty:1030 - CMSIS Pack Vendor :STMicroelectronics X-CUBE-NFC7 1.0.0
2025-06-25 22:21:18,187 [INFO] ThirdParty:1030 - CMSIS Pack Vendor :STMicroelectronics X-CUBE-EEPRMA1 4.1.0
2025-06-25 22:21:18,187 [INFO] ThirdParty:1030 - CMSIS Pack Vendor :STMicroelectronics X-CUBE-BLEMGR 3.1.0
2025-06-25 22:21:18,187 [INFO] ThirdParty:1030 - CMSIS Pack Vendor :STMicroelectronics X-CUBE-AI 10.0.0
2025-06-25 22:21:18,187 [INFO] ThirdParty:1030 - CMSIS Pack Vendor :STMicroelectronics FP-SNS-SMARTAG2 1.2.0
2025-06-25 22:21:18,187 [INFO] ThirdParty:1030 - CMSIS Pack Vendor :STMicroelectronics X-CUBE-MEMS1 11.1.0
2025-06-25 22:21:18,187 [INFO] ThirdParty:1030 - CMSIS Pack Vendor :STMicroelectronics X-CUBE-AZRTOS-WL 2.0.0
2025-06-25 22:21:18,187 [INFO] ThirdParty:1030 - CMSIS Pack Vendor :STMicroelectronics X-CUBE-DPower 1.3.0
2025-06-25 22:21:18,187 [INFO] ThirdParty:1030 - CMSIS Pack Vendor :STMicroelectronics FP-SNS-MOTENV1 5.0.0
2025-06-25 22:21:18,187 [INFO] ThirdParty:1030 - CMSIS Pack Vendor :STMicroelectronics USB_DEVICE 1.0.0
2025-06-25 22:21:18,187 [INFO] ThirdParty:1030 - CMSIS Pack Vendor :wolfSSL I-CUBE-wolfMQTT 1.19.0
2025-06-25 22:21:18,187 [INFO] ThirdParty:1030 - CMSIS Pack Vendor :STMicroelectronics X-CUBE-AZRTOS-L4 2.0.0
2025-06-25 22:21:18,187 [INFO] ThirdParty:1030 - CMSIS Pack Vendor :STMicroelectronics ThreadX 0.0.2
2025-06-25 22:21:18,187 [INFO] ThirdParty:1030 - CMSIS Pack Vendor :WES I-CUBE-Cesium 1.3.0
2025-06-25 22:21:18,187 [INFO] ThirdParty:1030 - CMSIS Pack Vendor :STMicroelectronics lwIP 2.1.2
2025-06-25 22:21:18,187 [INFO] ThirdParty:1030 - CMSIS Pack Vendor :STMicroelectronics X-CUBE-SFXS2LP1 4.0.0
2025-06-25 22:21:18,187 [INFO] ThirdParty:1030 - CMSIS Pack Vendor :STMicroelectronics X-CUBE-BLE2 3.3.0
2025-06-25 22:21:18,187 [INFO] ThirdParty:1030 - CMSIS Pack Vendor :STMicroelectronics X-CUBE-DISPLAY 2.2.0
2025-06-25 22:21:18,187 [INFO] ThirdParty:1030 - CMSIS Pack Vendor :STMicroelectronics X-CUBE-TOF1 3.2.0
2025-06-25 22:21:18,188 [INFO] ThirdParty:1030 - CMSIS Pack Vendor :STMicroelectronics PDM2PCM 3.2.0
2025-06-25 22:21:18,188 [INFO] ThirdParty:1030 - CMSIS Pack Vendor :STMicroelectronics X-CUBE-AZRTOS-H7 3.0.0
2025-06-25 22:21:18,188 [INFO] ThirdParty:1030 - CMSIS Pack Vendor :STMicroelectronics X-CUBE-ISPU 1.1.0
2025-06-25 22:21:18,188 [INFO] ThirdParty:1030 - CMSIS Pack Vendor :STMicroelectronics X-CUBE-AZRTOS-H7 3.3.0
2025-06-25 22:21:18,188 [INFO] ThirdParty:1030 - CMSIS Pack Vendor :RoweBots I-CUBE-UNISONRTOS 5.5.0-4
2025-06-25 22:21:18,188 [INFO] ThirdParty:1030 - CMSIS Pack Vendor :STMicroelectronics X-CUBE-NFC9 1.0.0
2025-06-25 22:21:18,188 [INFO] ThirdParty:1030 - CMSIS Pack Vendor :STMicroelectronics X-CUBE-BLE1 7.1.0
2025-06-25 22:21:18,188 [INFO] ThirdParty:1030 - CMSIS Pack Vendor :STMicroelectronics USB_DEVICE 3.0.0
2025-06-25 22:21:18,188 [INFO] ThirdParty:1030 - CMSIS Pack Vendor :STMicroelectronics X-CUBE-TCPP 4.1.0
2025-06-25 22:21:18,188 [INFO] ThirdParty:1030 - CMSIS Pack Vendor :STMicroelectronics X-CUBE-IPS 3.0.0
2025-06-25 22:21:18,188 [INFO] ThirdParty:1030 - CMSIS Pack Vendor :STMicroelectronics X-CUBE-AZRTOS-WB 2.0.0
2025-06-25 22:21:18,188 [INFO] ThirdParty:1030 - CMSIS Pack Vendor :STMicroelectronics X-CUBE-GNSS1 7.0.0
2025-06-25 22:21:18,188 [INFO] ThirdParty:1030 - CMSIS Pack Vendor :STMicroelectronics X-CUBE-TOUCHGFX 4.21.0
2025-06-25 22:21:18,188 [INFO] ThirdParty:1030 - CMSIS Pack Vendor :STMicroelectronics X-CUBE-GNSS1 7.0.1
2025-06-25 22:21:18,188 [INFO] ThirdParty:1030 - CMSIS Pack Vendor :STMicroelectronics X-CUBE-TOUCHGFX 4.25.0
2025-06-25 22:21:18,188 [INFO] ThirdParty:1030 - CMSIS Pack Vendor :STMicroelectronics X-CUBE-MEMS1 9.4.0
2025-06-25 22:21:18,188 [INFO] ThirdParty:1030 - CMSIS Pack Vendor :STMicroelectronics X-CUBE-AI 7.3.0
2025-06-25 22:21:18,188 [INFO] ThirdParty:1030 - CMSIS Pack Vendor :STMicroelectronics X-CUBE-AI 10.1.0
2025-06-25 22:21:18,188 [INFO] ThirdParty:1030 - CMSIS Pack Vendor :STMicroelectronics FP-SNS-STBOX1 2.0.0
2025-06-25 22:21:18,188 [INFO] ThirdParty:1030 - CMSIS Pack Vendor :STMicroelectronics X-CUBE-ALGOBUILD 1.3.0
2025-06-25 22:21:18,188 [INFO] ThirdParty:1030 - CMSIS Pack Vendor :STMicroelectronics X-CUBE-AZRTOS-L5 1.1.0
2025-06-25 22:21:18,188 [INFO] ThirdParty:1030 - CMSIS Pack Vendor :STMicroelectronics X-CUBE-MEMS1 11.2.0
2025-06-25 22:21:18,189 [INFO] ThirdParty:1030 - CMSIS Pack Vendor :STMicroelectronics X-CUBE-AZRTOS-G0 1.1.0
2025-06-25 22:21:18,189 [INFO] ThirdParty:1030 - CMSIS Pack Vendor :STMicroelectronics X-CUBE-SAFEA1 1.2.2
2025-06-25 22:21:18,189 [INFO] ThirdParty:1030 - CMSIS Pack Vendor :STMicroelectronics X-CUBE-NFC4 3.0.0
2025-06-25 22:21:18,189 [INFO] ThirdParty:1030 - CMSIS Pack Vendor :STMicroelectronics X-CUBE-SUBG2 5.0.0
2025-06-25 22:21:18,189 [INFO] ThirdParty:1030 - CMSIS Pack Vendor :STMicroelectronics X-CUBE-AZRTOS-H7RS 1.1.0
2025-06-25 22:21:18,189 [INFO] ThirdParty:1030 - CMSIS Pack Vendor :STMicroelectronics STM32_WPAN 1.0.0
2025-06-25 22:21:18,189 [INFO] ThirdParty:1030 - CMSIS Pack Vendor :EmbeddedOffice I-CUBE-FS-RTOS 1.0.1
2025-06-25 22:21:18,189 [INFO] ThirdParty:1030 - CMSIS Pack Vendor :STMicroelectronics lwIP 2.0.3
2025-06-25 22:21:18,189 [INFO] ThirdParty:1030 - CMSIS Pack Vendor :Cesanta I-CUBE-Mongoose 7.13.0
2025-06-25 22:21:18,189 [INFO] ThirdParty:1030 - CMSIS Pack Vendor :STMicroelectronics USB_HOST 1.0.0
2025-06-25 22:21:18,189 [INFO] ThirdParty:1030 - CMSIS Pack Vendor :STMicroelectronics X-CUBE-AZRTOS-G4 2.0.0
2025-06-25 22:21:18,189 [INFO] ThirdParty:1030 - CMSIS Pack Vendor :STMicroelectronics X-CUBE-WB05N 2.0.0
2025-06-25 22:21:18,189 [INFO] ThirdParty:1030 - CMSIS Pack Vendor :STMicroelectronics PDM2PCM 3.1.0
2025-06-25 22:21:18,189 [INFO] ThirdParty:1030 - CMSIS Pack Vendor :STMicroelectronics FP-ATR-ASTRA1 1.1.1
2025-06-25 22:21:18,189 [INFO] ThirdParty:1030 - CMSIS Pack Vendor :STMicroelectronics X-CUBE-BLEMGR 1.3.0
2025-06-25 22:21:18,189 [INFO] ThirdParty:1030 - CMSIS Pack Vendor :STMicroelectronics X-CUBE-NFC7 2.0.0
2025-06-25 22:21:18,189 [INFO] ThirdParty:1030 - CMSIS Pack Vendor :RealThread X-CUBE-RT-Thread_Nano 4.1.1
2025-06-25 22:21:18,189 [INFO] ThirdParty:1030 - CMSIS Pack Vendor :STMicroelectronics FP-ATR-SIGFOX1 3.2.0
2025-06-25 22:21:18,189 [INFO] ThirdParty:1030 - CMSIS Pack Vendor :STMicroelectronics X-CUBE-AZRTOS-G4 1.0.0
2025-06-25 22:21:18,189 [INFO] ThirdParty:1030 - CMSIS Pack Vendor :STMicroelectronics X-CUBE-AZRTOS-L4 1.0.0
2025-06-25 22:21:18,189 [INFO] ThirdParty:1030 - CMSIS Pack Vendor :quantropi X-CUBE-qispace-sdk-base 1.9.3
2025-06-25 22:21:18,189 [INFO] ThirdParty:1030 - CMSIS Pack Vendor :STMicroelectronics X-CUBE-EEPRMA1 5.1.0
2025-06-25 22:21:18,189 [INFO] ThirdParty:1030 - CMSIS Pack Vendor :STMicroelectronics MBEDTLS 2.16.2
2025-06-25 22:21:18,189 [INFO] ThirdParty:1030 - CMSIS Pack Vendor :STMicroelectronics X-CUBE-ALS 1.0.2
2025-06-25 22:21:18,189 [INFO] ThirdParty:1030 - CMSIS Pack Vendor :STMicroelectronics X-CUBE-TOUCHGFX 4.20.0
2025-06-25 22:21:18,189 [INFO] ThirdParty:1030 - CMSIS Pack Vendor :ITTIA_DB I-CUBE-ITTIADB 8.9.0
2025-06-25 22:21:18,189 [INFO] ThirdParty:1030 - CMSIS Pack Vendor :STMicroelectronics X-CUBE-TOUCHGFX 4.24.2
2025-06-25 22:21:18,189 [INFO] ThirdParty:1030 - CMSIS Pack Vendor :STMicroelectronics X-CUBE-AZRTOS-WL 1.0.0
2025-06-25 22:21:18,189 [INFO] ThirdParty:1030 - CMSIS Pack Vendor :STMicroelectronics X-CUBE-TOUCHGFX 4.24.1
2025-06-25 22:21:18,189 [INFO] ThirdParty:1030 - CMSIS Pack Vendor :wolfSSL I-CUBE-wolfTPM 3.4.0
2025-06-25 22:21:18,189 [INFO] ThirdParty:1030 - CMSIS Pack Vendor :portGmbH I-Cube-SoM-uGOAL 1.1.0
2025-06-25 22:21:18,189 [INFO] ThirdParty:1030 - CMSIS Pack Vendor :STMicroelectronics X-CUBE-ALS 1.0.1
2025-06-25 22:21:18,190 [INFO] ThirdParty:1030 - CMSIS Pack Vendor :STMicroelectronics ThreadX 1.0.0
2025-06-25 22:21:18,190 [INFO] ThirdParty:1030 - CMSIS Pack Vendor :STMicroelectronics X-CUBE-AZRTOS-WB 1.1.0
2025-06-25 22:21:18,190 [INFO] ThirdParty:1030 - CMSIS Pack Vendor :SEGGER I-CUBE-embOS 1.3.1
2025-06-25 22:21:18,190 [INFO] ThirdParty:1030 - CMSIS Pack Vendor :STMicroelectronics X-CUBE-ALGOBUILD 1.4.0
2025-06-25 22:21:18,190 [INFO] ThirdParty:1030 - CMSIS Pack Vendor :STMicroelectronics X-CUBE-MEMS1 11.3.0
2025-06-25 22:21:18,190 [INFO] ThirdParty:1030 - CMSIS Pack Vendor :SEGGER I-CUBE-embOS 1.3.0
2025-06-25 22:21:18,190 [INFO] ThirdParty:1030 - CMSIS Pack Vendor :STMicroelectronics X-CUBE-EEPRMA1 3.1.1
2025-06-25 22:21:18,190 [INFO] ThirdParty:1030 - CMSIS Pack Vendor :STMicroelectronics X-CUBE-AZRTOS-H7RS 1.0.0
2025-06-25 22:21:18,190 [INFO] ThirdParty:1030 - CMSIS Pack Vendor :STMicroelectronics X-CUBE-TOF1 3.4.2
2025-06-25 22:21:18,190 [INFO] ThirdParty:1030 - CMSIS Pack Vendor :STMicroelectronics X-CUBE-AI 9.1.0
2025-06-25 22:21:18,190 [INFO] ThirdParty:1030 - CMSIS Pack Vendor :Infineon AIROC-Wi-Fi-Bluetooth-STM32 1.6.1
2025-06-25 22:21:18,190 [INFO] ThirdParty:1030 - CMSIS Pack Vendor :wolfSSL I-CUBE-wolfSSH 1.4.17
2025-06-25 22:21:18,190 [INFO] ThirdParty:841 - exiting critical section [change project]
2025-06-25 22:21:18,575 [INFO] PinOutPanel:1561 - setPackage(No Configuration,No Configuration)
2025-06-25 22:21:18,577 [INFO] PinOutPanel:1561 - setPackage(STM32F411VETx,LQFP100)
2025-06-25 22:21:19,198 [INFO] UtilMem:75 - Before build in PCC Used Memory: 270971136 Bytes (408944640)
2025-06-25 22:21:20,213 [INFO] UtilMem:75 - After build in PCC Used Memory: 230027184 Bytes (408944640)
2025-06-25 22:21:20,267 [INFO] IPUIPlugin:80 - create IPUIPlugin
2025-06-25 22:21:20,267 [INFO] IPUIPlugin:80 - create IPUIPlugin
2025-06-25 22:21:20,267 [INFO] IPUIPlugin:80 - create IPUIPlugin
2025-06-25 22:21:20,268 [INFO] IPUIPlugin:80 - create IPUIPlugin
2025-06-25 22:21:20,268 [INFO] IPUIPlugin:80 - create IPUIPlugin
2025-06-25 22:21:20,268 [INFO] IPUIPlugin:80 - create IPUIPlugin
2025-06-25 22:21:20,268 [INFO] IPUIPlugin:80 - create IPUIPlugin
2025-06-25 22:21:20,268 [INFO] IPUIPlugin:80 - create IPUIPlugin
2025-06-25 22:21:20,269 [INFO] IPUIPlugin:80 - create IPUIPlugin
2025-06-25 22:21:20,269 [INFO] IPUIPlugin:80 - create IPUIPlugin
2025-06-25 22:21:20,269 [INFO] IPUIPlugin:80 - create IPUIPlugin
2025-06-25 22:21:20,269 [INFO] IPUIPlugin:80 - create IPUIPlugin
2025-06-25 22:21:20,270 [INFO] IPUIPlugin:80 - create IPUIPlugin
2025-06-25 22:21:20,270 [INFO] IPUIPlugin:80 - create IPUIPlugin
2025-06-25 22:21:20,270 [INFO] IPUIPlugin:80 - create IPUIPlugin
2025-06-25 22:21:20,270 [INFO] IPUIPlugin:80 - create IPUIPlugin
2025-06-25 22:21:20,271 [INFO] IPUIPlugin:80 - create IPUIPlugin
2025-06-25 22:21:20,271 [INFO] IPUIPlugin:80 - create IPUIPlugin
2025-06-25 22:21:20,271 [INFO] IPUIPlugin:80 - create IPUIPlugin
2025-06-25 22:21:20,272 [INFO] IPUIPlugin:80 - create IPUIPlugin
2025-06-25 22:21:20,272 [INFO] IPUIPlugin:80 - create IPUIPlugin
2025-06-25 22:21:20,272 [INFO] IPUIPlugin:80 - create IPUIPlugin
2025-06-25 22:21:20,273 [INFO] IPUIPlugin:80 - create IPUIPlugin
2025-06-25 22:21:20,273 [INFO] IPUIPlugin:80 - create IPUIPlugin
2025-06-25 22:21:20,273 [INFO] IPUIPlugin:80 - create IPUIPlugin
2025-06-25 22:21:20,273 [INFO] IPUIPlugin:80 - create IPUIPlugin
2025-06-25 22:21:20,273 [INFO] IPUIPlugin:80 - create IPUIPlugin
2025-06-25 22:21:20,274 [INFO] IPUIPlugin:80 - create IPUIPlugin
2025-06-25 22:21:20,274 [INFO] IPUIPlugin:80 - create IPUIPlugin
2025-06-25 22:21:20,274 [INFO] IPUIPlugin:80 - create IPUIPlugin
2025-06-25 22:21:20,274 [INFO] IPUIPlugin:80 - create IPUIPlugin
2025-06-25 22:21:20,275 [INFO] IPUIPlugin:80 - create IPUIPlugin
2025-06-25 22:21:20,275 [INFO] IPUIPlugin:80 - create IPUIPlugin
2025-06-25 22:21:20,276 [INFO] IPUIPlugin:80 - create IPUIPlugin
2025-06-25 22:21:20,276 [INFO] IPUIPlugin:80 - create IPUIPlugin
2025-06-25 22:21:20,276 [INFO] IPUIPlugin:80 - create IPUIPlugin
2025-06-25 22:21:20,277 [INFO] IPUIPlugin:80 - create IPUIPlugin
2025-06-25 22:21:20,277 [INFO] IPUIPlugin:80 - create IPUIPlugin
2025-06-25 22:21:20,277 [INFO] IPUIPlugin:80 - create IPUIPlugin
2025-06-25 22:21:20,278 [INFO] IPUIPlugin:80 - create IPUIPlugin
2025-06-25 22:21:20,278 [INFO] IPUIPlugin:80 - create IPUIPlugin
2025-06-25 22:21:20,278 [INFO] IPUIPlugin:80 - create IPUIPlugin
2025-06-25 22:21:20,278 [INFO] IPUIPlugin:80 - create IPUIPlugin
2025-06-25 22:21:20,375 [INFO] ApiDbMcu:508 - Load IP Config File for PDM2PCM
2025-06-25 22:21:20,649 [INFO] CADModel:165 - CPN selected for project levelSTM32F411VET6
2025-06-25 22:21:20,649 [INFO] CADModel:114 - Register for checkConnection events
2025-06-25 22:21:20,709 [INFO] OpenFileManager:363 - Restore cursor
2025-06-25 22:22:15,961 [INFO] MainUpdater:2873 - connection check result : 10
2025-06-25 22:22:15,961 [INFO] MainUpdater:2873 - connection check result : 10
2025-06-25 22:22:16,402 [INFO] MicroXplorer:468 - Change Database Path : 
2025-06-25 22:22:16,402 [INFO] MicroXplorer:498 - Change Database Version : DB.6.0.121
2025-06-25 22:22:16,411 [ERROR] ProjectManagerView:394 - 
java.lang.NullPointerException: Cannot invoke "javax.swing.JTextField.getText()" because the return value of "java.util.List.get(int)" is null
	at com.st.microxplorer.plugins.projectmanager.gui.ProjectChoiceTab$10.caretUpdate(ProjectChoiceTab.java:2622) ~[filemanager.jar:?]
	at javax.swing.text.JTextComponent.fireCaretUpdate(JTextComponent.java:412) ~[?:?]
	at javax.swing.text.JTextComponent$MutableCaretEvent.fire(JTextComponent.java:4491) ~[?:?]
	at javax.swing.text.JTextComponent$MutableCaretEvent.stateChanged(JTextComponent.java:4513) ~[?:?]
	at javax.swing.text.DefaultCaret.fireStateChanged(DefaultCaret.java:842) ~[?:?]
	at javax.swing.text.DefaultCaret.changeCaretPosition(DefaultCaret.java:1313) ~[?:?]
	at javax.swing.text.DefaultCaret.handleSetDot(DefaultCaret.java:1212) ~[?:?]
	at javax.swing.text.DefaultCaret.setDot(DefaultCaret.java:1193) ~[?:?]
	at javax.swing.text.DefaultCaret$Handler.insertUpdate(DefaultCaret.java:1789) ~[?:?]
	at javax.swing.text.AbstractDocument.fireInsertUpdate(AbstractDocument.java:226) ~[?:?]
	at javax.swing.text.AbstractDocument.handleInsertString(AbstractDocument.java:780) ~[?:?]
	at javax.swing.text.AbstractDocument.insertString(AbstractDocument.java:739) ~[?:?]
	at javax.swing.text.PlainDocument.insertString(PlainDocument.java:131) ~[?:?]
	at javax.swing.text.AbstractDocument.replace(AbstractDocument.java:698) ~[?:?]
	at javax.swing.text.JTextComponent.setText(JTextComponent.java:1729) ~[?:?]
	at com.st.microxplorer.plugins.projectmanager.gui.ProjectChoiceTab.createHeapStackFields(ProjectChoiceTab.java:972) ~[filemanager.jar:?]
	at com.st.microxplorer.plugins.projectmanager.gui.ProjectChoiceTab.buildLinkSettingsPanel(ProjectChoiceTab.java:3597) ~[filemanager.jar:?]
	at com.st.microxplorer.plugins.projectmanager.gui.ProjectChoiceTab.defineWindowsFields(ProjectChoiceTab.java:1940) ~[filemanager.jar:?]
	at com.st.microxplorer.plugins.projectmanager.gui.ProjectChoiceTab.updateSettings(ProjectChoiceTab.java:550) ~[filemanager.jar:?]
	at com.st.microxplorer.plugins.projectmanager.gui.ProjectSettingsPanel.UpdateDialog(ProjectSettingsPanel.java:245) ~[filemanager.jar:?]
	at com.st.microxplorer.plugins.projectmanager.ProjectManagerView.propertyChange(ProjectManagerView.java:391) ~[filemanager.jar:?]
	at java.beans.PropertyChangeSupport.fire(PropertyChangeSupport.java:343) ~[?:?]
	at java.beans.PropertyChangeSupport.firePropertyChange(PropertyChangeSupport.java:335) ~[?:?]
	at java.beans.PropertyChangeSupport.firePropertyChange(PropertyChangeSupport.java:268) ~[?:?]
	at com.st.microxplorer.util.MXPropertyChangeSupport.firePropertyChange(MXPropertyChangeSupport.java:54) ~[STM32CubeMX.jar:?]
	at com.st.microxplorer.mxsystem.MxSystem.closeConfig(MxSystem.java:900) ~[STM32CubeMX.jar:?]
	at com.st.microxplorer.maingui.MainPanel.closeConfig(MainPanel.java:781) ~[STM32CubeMX.jar:?]
	at com.st.microxplorer.plugins.filemanager.engine.OpenFileManager.loadConfigurationFile(OpenFileManager.java:265) ~[filemanager.jar:?]
	at com.st.microxplorer.plugins.filemanager.engine.MainFileManager.userLoadConfig(MainFileManager.java:352) ~[filemanager.jar:?]
	at com.st.microxplorer.plugins.filemanager.engine.MainFileManager.userLoadConfig(MainFileManager.java:330) ~[filemanager.jar:?]
	at com.st.microxplorer.plugins.filemanager.FileManagerView.getSpecificTask(FileManagerView.java:246) ~[filemanager.jar:?]
	at com.st.stm32cube.common.mx.editor.CubeMxEditor.getMxTabbedPaneInstance(CubeMxEditor.java:1198) ~[com.st.stm32cube.common.mx_6.12.1.202409122256/:?]
	at com.st.stm32cube.common.mx.editor.CubeMxEditor$12$1.createSwingComponent(CubeMxEditor.java:1068) ~[com.st.stm32cube.common.mx_6.12.1.202409122256/:?]
	at com.st.stm32cube.common.mx.oss.core.awtswtbridge.EmbeddedSwingComposite.doComponentCreation(EmbeddedSwingComposite.java:492) ~[com.st.stm32cube.common.mx.oss_6.12.1.202409122256/:?]
	at com.st.stm32cube.common.mx.oss.core.awtswtbridge.EmbeddedSwingComposite$4.run(EmbeddedSwingComposite.java:291) ~[com.st.stm32cube.common.mx.oss_6.12.1.202409122256/:?]
	at com.st.stm32cube.common.mx.oss.core.awtswtbridge.AwtEnvironment$2.run(AwtEnvironment.java:166) ~[com.st.stm32cube.common.mx.oss_6.12.1.202409122256/:?]
	at java.awt.event.InvocationEvent.dispatch(InvocationEvent.java:318) ~[?:?]
	at java.awt.EventQueue.dispatchEventImpl(EventQueue.java:773) ~[?:?]
	at java.awt.EventQueue$4.run(EventQueue.java:720) ~[?:?]
	at java.awt.EventQueue$4.run(EventQueue.java:714) ~[?:?]
	at java.security.AccessController.doPrivileged(AccessController.java:399) ~[?:?]
	at java.security.ProtectionDomain$JavaSecurityAccessImpl.doIntersectionPrivilege(ProtectionDomain.java:86) ~[?:?]
	at java.awt.EventQueue.dispatchEvent(EventQueue.java:742) ~[?:?]
	at java.awt.EventDispatchThread.pumpOneEventForFilters(EventDispatchThread.java:203) ~[?:?]
	at java.awt.EventDispatchThread.pumpEventsForFilter(EventDispatchThread.java:124) ~[?:?]
	at java.awt.EventDispatchThread.pumpEventsForHierarchy(EventDispatchThread.java:113) ~[?:?]
	at java.awt.EventDispatchThread.pumpEvents(EventDispatchThread.java:109) ~[?:?]
	at java.awt.EventDispatchThread.pumpEvents(EventDispatchThread.java:101) ~[?:?]
	at java.awt.EventDispatchThread.run(EventDispatchThread.java:90) ~[?:?]
2025-06-25 22:22:16,417 [WARN] ThirdParty:871 - waiting for thirdparty lock release [close project]
2025-06-25 22:22:16,417 [INFO] ThirdParty:873 - entering critical section [close project]
2025-06-25 22:22:16,417 [INFO] ThirdParty:883 - exiting critical section [close project]
2025-06-25 22:22:16,419 [INFO] PinOutPanel:1561 - setPackage(No Configuration,No Configuration)
2025-06-25 22:22:16,430 [WARN] IpParametersView:151 - Warning: This peripheral hasn't parameters
2025-06-25 22:22:16,444 [WARN] MainPanel:284 - <html><b><center>Warning: This peripheral has no parameters to be configured<br></b></html>
2025-06-25 22:22:16,454 [INFO] UtilMem:75 - Begin LoadConfig() Used Memory: 871373520 Bytes (1073741824)
2025-06-25 22:22:16,454 [INFO] MicroXplorer:468 - Change Database Path : 
2025-06-25 22:22:16,455 [INFO] MicroXplorer:498 - Change Database Version : DB.6.0.121
2025-06-25 22:22:16,455 [INFO] OpenFileManager:332 - Change cursor
2025-06-25 22:22:16,463 [INFO] Mcu:2032 - Initializing MCU STM32F411V(C-E)Tx STM32F411VETx STM32F411VET6
2025-06-25 22:22:17,283 [INFO] Context:742 - Trying to add GPIOservice into a context  which must be forbidden
2025-06-25 22:22:17,837 [INFO] RtosManager:555 - Registered RTOS mode: class=CMSIS, group=RTOS, mode=CMSIS_V1, owner=FREERTOS
2025-06-25 22:22:17,837 [INFO] RtosManager:555 - Registered RTOS mode: class=CMSIS, group=RTOS2, mode=CMSIS_V2, owner=FREERTOS
2025-06-25 22:22:17,837 [INFO] RtosManager:555 - Registered RTOS mode: class=RTOS, group=Core, mode=CMSIS_V1, owner=FREERTOS
2025-06-25 22:22:17,837 [INFO] RtosManager:555 - Registered RTOS mode: class=RTOS, group=Core, mode=CMSIS_V2, owner=FREERTOS
2025-06-25 22:22:17,837 [WARN] ModelIntegratedComponent:184 - Missing modes for component STMicroelectronics:FreeRTOS:0.0.1:STMicroelectronics:RTOS:FreeRTOS:Core:::10.2.0:
2025-06-25 22:22:17,841 [WARN] ModelIntegratedComponent:63 - No mode defined for component null
2025-06-25 22:22:17,841 [WARN] ModelIntegratedComponent:63 - No mode defined for component null
2025-06-25 22:22:17,841 [WARN] ModelIntegratedComponent:63 - No mode defined for component null
2025-06-25 22:22:17,841 [WARN] ModelIntegratedComponent:63 - No mode defined for component null
2025-06-25 22:22:17,841 [WARN] ModelIntegratedComponent:63 - No mode defined for component null
2025-06-25 22:22:17,842 [WARN] ModelIntegratedComponent:63 - No mode defined for component null
2025-06-25 22:22:17,842 [WARN] ModelIntegratedComponent:63 - No mode defined for component null
2025-06-25 22:22:17,842 [WARN] ModelIntegratedComponent:63 - No mode defined for component null
2025-06-25 22:22:17,842 [WARN] ModelIntegratedComponent:63 - No mode defined for component null
2025-06-25 22:22:17,842 [WARN] ModelIntegratedComponent:63 - No mode defined for component null
2025-06-25 22:22:17,842 [WARN] ModelIntegratedComponent:63 - No mode defined for component null
2025-06-25 22:22:17,842 [WARN] ModelIntegratedComponent:63 - No mode defined for component null
2025-06-25 22:22:17,842 [WARN] ModelIntegratedComponent:63 - No mode defined for component null
2025-06-25 22:22:17,842 [WARN] ModelIntegratedComponent:63 - No mode defined for component null
2025-06-25 22:22:17,842 [WARN] ModelIntegratedComponent:63 - No mode defined for component null
2025-06-25 22:22:17,842 [WARN] ModelIntegratedComponent:63 - No mode defined for component null
2025-06-25 22:22:17,842 [WARN] ModelIntegratedComponent:63 - No mode defined for component null
2025-06-25 22:22:17,842 [WARN] ModelIntegratedComponent:63 - No mode defined for component null
2025-06-25 22:22:17,842 [WARN] ModelIntegratedComponent:63 - No mode defined for component null
2025-06-25 22:22:17,842 [WARN] ModelIntegratedComponent:63 - No mode defined for component null
2025-06-25 22:22:17,842 [WARN] ModelIntegratedComponent:63 - No mode defined for component null
2025-06-25 22:22:17,842 [WARN] ModelIntegratedComponent:63 - No mode defined for component null
2025-06-25 22:22:17,842 [WARN] ModelIntegratedComponent:63 - No mode defined for component null
2025-06-25 22:22:17,843 [WARN] ModelIntegratedComponent:63 - No mode defined for component null
2025-06-25 22:22:17,843 [WARN] ModelIntegratedComponent:63 - No mode defined for component null
2025-06-25 22:22:17,843 [WARN] ModelIntegratedComponent:63 - No mode defined for component null
2025-06-25 22:22:17,843 [WARN] ModelIntegratedComponent:63 - No mode defined for component null
2025-06-25 22:22:17,843 [WARN] ModelIntegratedComponent:63 - No mode defined for component null
2025-06-25 22:22:17,843 [WARN] ModelIntegratedComponent:63 - No mode defined for component null
2025-06-25 22:22:17,843 [WARN] ModelIntegratedComponent:63 - No mode defined for component null
2025-06-25 22:22:17,843 [WARN] ModelIntegratedComponent:63 - No mode defined for component null
2025-06-25 22:22:17,843 [WARN] ModelIntegratedComponent:63 - No mode defined for component null
2025-06-25 22:22:17,843 [WARN] ModelIntegratedComponent:63 - No mode defined for component null
2025-06-25 22:22:17,843 [WARN] ModelIntegratedComponent:63 - No mode defined for component null
2025-06-25 22:22:17,843 [WARN] ModelIntegratedComponent:63 - No mode defined for component null
2025-06-25 22:22:17,844 [WARN] ModelPack:524 - Component already loaded: STMicroelectronics:HAL Drivers:0.0.0:STMicroelectronics:Device:STMicro_Driver:XSPI:HAL::0.0.1:HAL_XSPI
2025-06-25 22:22:17,977 [WARN] ModelIntegratedComponent:182 - Modes not found for component STMicroelectronics:USB_DEVICE:1.0.0:STMicroelectronics:USB::USB Device:Audio HS::1.0:USB_DEVICE_1_0_RESTRICTED_HS
2025-06-25 22:22:17,977 [WARN] ModelIntegratedComponent:188 - Modes not found for component STMicroelectronics:USB_DEVICE:1.0.0:STMicroelectronics:USB::USB Device:Audio HS::1.0:USB_DEVICE_1_0_RESTRICTED_HS
2025-06-25 22:22:17,977 [WARN] ModelIntegratedComponent:182 - Modes not found for component STMicroelectronics:USB_DEVICE:1.0.0:STMicroelectronics:USB::USB Device:CDC HS::1.0:USB_DEVICE_1_0_RESTRICTED_HS
2025-06-25 22:22:17,977 [WARN] ModelIntegratedComponent:188 - Modes not found for component STMicroelectronics:USB_DEVICE:1.0.0:STMicroelectronics:USB::USB Device:CDC HS::1.0:USB_DEVICE_1_0_RESTRICTED_HS
2025-06-25 22:22:17,977 [WARN] ModelIntegratedComponent:182 - Modes not found for component STMicroelectronics:USB_DEVICE:1.0.0:STMicroelectronics:USB::USB Device:DFU HS::1.0:USB_DEVICE_1_0_RESTRICTED_HS
2025-06-25 22:22:17,978 [WARN] ModelIntegratedComponent:188 - Modes not found for component STMicroelectronics:USB_DEVICE:1.0.0:STMicroelectronics:USB::USB Device:DFU HS::1.0:USB_DEVICE_1_0_RESTRICTED_HS
2025-06-25 22:22:17,978 [WARN] ModelIntegratedComponent:182 - Modes not found for component STMicroelectronics:USB_DEVICE:1.0.0:STMicroelectronics:USB::USB Device:HID HS::1.0:USB_DEVICE_1_0_RESTRICTED_HS
2025-06-25 22:22:17,978 [WARN] ModelIntegratedComponent:188 - Modes not found for component STMicroelectronics:USB_DEVICE:1.0.0:STMicroelectronics:USB::USB Device:HID HS::1.0:USB_DEVICE_1_0_RESTRICTED_HS
2025-06-25 22:22:17,978 [WARN] ModelIntegratedComponent:182 - Modes not found for component STMicroelectronics:USB_DEVICE:1.0.0:STMicroelectronics:USB::USB Device:Custom HID HS::1.0:USB_DEVICE_1_0_RESTRICTED_HS
2025-06-25 22:22:17,978 [WARN] ModelIntegratedComponent:188 - Modes not found for component STMicroelectronics:USB_DEVICE:1.0.0:STMicroelectronics:USB::USB Device:Custom HID HS::1.0:USB_DEVICE_1_0_RESTRICTED_HS
2025-06-25 22:22:17,978 [WARN] ModelIntegratedComponent:182 - Modes not found for component STMicroelectronics:USB_DEVICE:1.0.0:STMicroelectronics:USB::USB Device:MSC HS::1.0:USB_DEVICE_1_0_RESTRICTED_HS
2025-06-25 22:22:17,978 [WARN] ModelIntegratedComponent:188 - Modes not found for component STMicroelectronics:USB_DEVICE:1.0.0:STMicroelectronics:USB::USB Device:MSC HS::1.0:USB_DEVICE_1_0_RESTRICTED_HS
2025-06-25 22:22:18,252 [WARN] ModelIntegratedComponent:182 - Modes not found for component STMicroelectronics:USB_HOST:1.0.0:STMicroelectronics:USB::USB Host:Audio HS::1.0:USB_HOST_1_0_RESTRICTED_HS
2025-06-25 22:22:18,252 [WARN] ModelIntegratedComponent:188 - Modes not found for component STMicroelectronics:USB_HOST:1.0.0:STMicroelectronics:USB::USB Host:Audio HS::1.0:USB_HOST_1_0_RESTRICTED_HS
2025-06-25 22:22:18,252 [WARN] ModelIntegratedComponent:182 - Modes not found for component STMicroelectronics:USB_HOST:1.0.0:STMicroelectronics:USB::USB Host:CDC HS::1.0:USB_HOST_1_0_RESTRICTED_HS
2025-06-25 22:22:18,252 [WARN] ModelIntegratedComponent:188 - Modes not found for component STMicroelectronics:USB_HOST:1.0.0:STMicroelectronics:USB::USB Host:CDC HS::1.0:USB_HOST_1_0_RESTRICTED_HS
2025-06-25 22:22:18,252 [WARN] ModelIntegratedComponent:182 - Modes not found for component STMicroelectronics:USB_HOST:1.0.0:STMicroelectronics:USB::USB Host:MSC HS::1.0:USB_HOST_1_0_RESTRICTED_HS
2025-06-25 22:22:18,252 [WARN] ModelIntegratedComponent:188 - Modes not found for component STMicroelectronics:USB_HOST:1.0.0:STMicroelectronics:USB::USB Host:MSC HS::1.0:USB_HOST_1_0_RESTRICTED_HS
2025-06-25 22:22:18,252 [WARN] ModelIntegratedComponent:182 - Modes not found for component STMicroelectronics:USB_HOST:1.0.0:STMicroelectronics:USB::USB Host:HID HS::1.0:USB_HOST_1_0_RESTRICTED_HS
2025-06-25 22:22:18,252 [WARN] ModelIntegratedComponent:188 - Modes not found for component STMicroelectronics:USB_HOST:1.0.0:STMicroelectronics:USB::USB Host:HID HS::1.0:USB_HOST_1_0_RESTRICTED_HS
2025-06-25 22:22:18,252 [WARN] ModelIntegratedComponent:182 - Modes not found for component STMicroelectronics:USB_HOST:1.0.0:STMicroelectronics:USB::USB Host:MTP HS::1.0:USB_HOST_1_0_RESTRICTED_HS
2025-06-25 22:22:18,252 [WARN] ModelIntegratedComponent:188 - Modes not found for component STMicroelectronics:USB_HOST:1.0.0:STMicroelectronics:USB::USB Host:MTP HS::1.0:USB_HOST_1_0_RESTRICTED_HS
2025-06-25 22:22:18,405 [INFO] ThirdPartyModel:298 - Start build external matchings
2025-06-25 22:22:20,660 [INFO] ThirdPartyModel:316 - End build external matchings
2025-06-25 22:22:20,941 [INFO] UtilMem:75 - End LoadConfig() Used Memory: 754748256 Bytes (1073741824)
2025-06-25 22:22:20,977 [WARN] ThirdParty:833 - waiting for thirdparty lock release [change project]
2025-06-25 22:22:20,977 [INFO] ThirdParty:835 - entering critical section [change project]
2025-06-25 22:22:20,977 [INFO] ThirdParty:1030 - CMSIS Pack Vendor :STMicroelectronics X-CUBE-PM33A1 1.0.0
2025-06-25 22:22:20,977 [INFO] ThirdParty:1030 - CMSIS Pack Vendor :STMicroelectronics USBPD 4.1
2025-06-25 22:22:20,977 [INFO] ThirdParty:1030 - CMSIS Pack Vendor :STMicroelectronics X-CUBE-GNSS1 6.0.0
2025-06-25 22:22:20,977 [INFO] ThirdParty:1030 - CMSIS Pack Vendor :STMicroelectronics USB_HOST 2.0.0
2025-06-25 22:22:20,977 [INFO] ThirdParty:1030 - CMSIS Pack Vendor :STMicroelectronics FP-SNS-MOTENVWB1 1.4.0
2025-06-25 22:22:20,977 [INFO] ThirdParty:1030 - CMSIS Pack Vendor :STMicroelectronics X-CUBE-AZRTOS-F4 1.1.0
2025-06-25 22:22:20,978 [INFO] ThirdParty:1030 - CMSIS Pack Vendor :STMicroelectronics LIBJPEG 8.0.0
2025-06-25 22:22:20,978 [INFO] ThirdParty:1030 - CMSIS Pack Vendor :STMicroelectronics FP-ATR-ASTRA1 2.0.2
2025-06-25 22:22:20,978 [INFO] ThirdParty:1030 - CMSIS Pack Vendor :STMicroelectronics FP-ATR-ASTRA1 2.0.1
2025-06-25 22:22:20,978 [INFO] ThirdParty:1030 - CMSIS Pack Vendor :STMicroelectronics X-CUBE-SMBUS 2.1.0
2025-06-25 22:22:20,978 [INFO] ThirdParty:1030 - CMSIS Pack Vendor :STMicroelectronics X-CUBE-WB05N 1.1.0
2025-06-25 22:22:20,978 [INFO] ThirdParty:1030 - CMSIS Pack Vendor :STMicroelectronics X-CUBE-ISPU 2.1.0
2025-06-25 22:22:20,978 [INFO] ThirdParty:1030 - CMSIS Pack Vendor :STMicroelectronics X-CUBE-FREERTOS 1.2.0
2025-06-25 22:22:20,978 [INFO] ThirdParty:1030 - CMSIS Pack Vendor :STMicroelectronics X-CUBE-AZRTOS-F7 1.1.0
2025-06-25 22:22:20,978 [INFO] ThirdParty:1030 - CMSIS Pack Vendor :STMicroelectronics X-CUBE-AZRTOS-L5 2.0.0
2025-06-25 22:22:20,978 [INFO] ThirdParty:1030 - CMSIS Pack Vendor :STMicroelectronics USB_DEVICE 2.0.0
2025-06-25 22:22:20,978 [INFO] ThirdParty:1030 - CMSIS Pack Vendor :STMicroelectronics X-CUBE-NFC6 3.1.0
2025-06-25 22:22:20,978 [INFO] ThirdParty:1030 - CMSIS Pack Vendor :STMicroelectronics X-CUBE-MEMS1 11.0.0
2025-06-25 22:22:20,978 [INFO] ThirdParty:1030 - CMSIS Pack Vendor :STMicroelectronics X-CUBE-BLE1 6.2.4
2025-06-25 22:22:20,978 [INFO] ThirdParty:1030 - CMSIS Pack Vendor :STMicroelectronics FreeRTOS 0.0.1
2025-06-25 22:22:20,978 [INFO] ThirdParty:1030 - CMSIS Pack Vendor :emotas I-CUBE-CANOPEN 1.1.3
2025-06-25 22:22:20,978 [INFO] ThirdParty:1030 - CMSIS Pack Vendor :STMicroelectronics X-CUBE-DPower 1.2.0
2025-06-25 22:22:20,978 [INFO] ThirdParty:1030 - CMSIS Pack Vendor :STMicroelectronics FP-SNS-FLIGHT1 5.0.2
2025-06-25 22:22:20,978 [INFO] ThirdParty:1030 - CMSIS Pack Vendor :STMicroelectronics X-CUBE-NFC4 2.0.5
2025-06-25 22:22:20,978 [INFO] ThirdParty:1030 - CMSIS Pack Vendor :STMicroelectronics PDM2PCM 3.3.0
2025-06-25 22:22:20,978 [INFO] ThirdParty:1030 - CMSIS Pack Vendor :STMicroelectronics X-CUBE-DISPLAY 3.0.0
2025-06-25 22:22:20,978 [INFO] ThirdParty:1030 - CMSIS Pack Vendor :wolfSSL I-CUBE-wolfSSL 5.5.3
2025-06-25 22:22:20,978 [INFO] ThirdParty:1030 - CMSIS Pack Vendor :STMicroelectronics X-CUBE-BLE1 7.0.0
2025-06-25 22:22:20,978 [INFO] ThirdParty:1030 - CMSIS Pack Vendor :STMicroelectronics X-CUBE-NFC10 1.0.0
2025-06-25 22:22:20,978 [INFO] ThirdParty:1030 - CMSIS Pack Vendor :STMicroelectronics X-CUBE-BLEMGR 4.0.0
2025-06-25 22:22:20,978 [INFO] ThirdParty:1030 - CMSIS Pack Vendor :STMicroelectronics X-CUBE-FREERTOS 1.3.1
2025-06-25 22:22:20,979 [INFO] ThirdParty:1030 - CMSIS Pack Vendor :STMicroelectronics HAL Drivers 0.0.0
2025-06-25 22:22:20,979 [INFO] ThirdParty:1030 - CMSIS Pack Vendor :STMicroelectronics X-CUBE-FREERTOS 1.3.0
2025-06-25 22:22:20,979 [INFO] ThirdParty:1030 - CMSIS Pack Vendor :STMicroelectronics X-CUBE-NFC7 1.0.1
2025-06-25 22:22:20,979 [INFO] ThirdParty:1030 - CMSIS Pack Vendor :STMicroelectronics MBEDTLS 2.14.1
2025-06-25 22:22:20,979 [INFO] ThirdParty:1030 - CMSIS Pack Vendor :STMicroelectronics X-CUBE-NFC7 1.0.0
2025-06-25 22:22:20,979 [INFO] ThirdParty:1030 - CMSIS Pack Vendor :STMicroelectronics X-CUBE-EEPRMA1 4.1.0
2025-06-25 22:22:20,979 [INFO] ThirdParty:1030 - CMSIS Pack Vendor :STMicroelectronics X-CUBE-BLEMGR 3.1.0
2025-06-25 22:22:20,979 [INFO] ThirdParty:1030 - CMSIS Pack Vendor :STMicroelectronics X-CUBE-AI 10.0.0
2025-06-25 22:22:20,979 [INFO] ThirdParty:1030 - CMSIS Pack Vendor :STMicroelectronics FP-SNS-SMARTAG2 1.2.0
2025-06-25 22:22:20,979 [INFO] ThirdParty:1030 - CMSIS Pack Vendor :STMicroelectronics X-CUBE-MEMS1 11.1.0
2025-06-25 22:22:20,979 [INFO] ThirdParty:1030 - CMSIS Pack Vendor :STMicroelectronics X-CUBE-AZRTOS-WL 2.0.0
2025-06-25 22:22:20,979 [INFO] ThirdParty:1030 - CMSIS Pack Vendor :STMicroelectronics X-CUBE-DPower 1.3.0
2025-06-25 22:22:20,979 [INFO] ThirdParty:1030 - CMSIS Pack Vendor :STMicroelectronics FP-SNS-MOTENV1 5.0.0
2025-06-25 22:22:20,979 [INFO] ThirdParty:1030 - CMSIS Pack Vendor :STMicroelectronics USB_DEVICE 1.0.0
2025-06-25 22:22:20,979 [INFO] ThirdParty:1030 - CMSIS Pack Vendor :wolfSSL I-CUBE-wolfMQTT 1.19.0
2025-06-25 22:22:20,979 [INFO] ThirdParty:1030 - CMSIS Pack Vendor :STMicroelectronics X-CUBE-AZRTOS-L4 2.0.0
2025-06-25 22:22:20,979 [INFO] ThirdParty:1030 - CMSIS Pack Vendor :STMicroelectronics ThreadX 0.0.2
2025-06-25 22:22:20,979 [INFO] ThirdParty:1030 - CMSIS Pack Vendor :WES I-CUBE-Cesium 1.3.0
2025-06-25 22:22:20,979 [INFO] ThirdParty:1030 - CMSIS Pack Vendor :STMicroelectronics lwIP 2.1.2
2025-06-25 22:22:20,979 [INFO] ThirdParty:1030 - CMSIS Pack Vendor :STMicroelectronics X-CUBE-SFXS2LP1 4.0.0
2025-06-25 22:22:20,979 [INFO] ThirdParty:1030 - CMSIS Pack Vendor :STMicroelectronics X-CUBE-BLE2 3.3.0
2025-06-25 22:22:20,980 [INFO] ThirdParty:1030 - CMSIS Pack Vendor :STMicroelectronics X-CUBE-DISPLAY 2.2.0
2025-06-25 22:22:20,980 [INFO] ThirdParty:1030 - CMSIS Pack Vendor :STMicroelectronics X-CUBE-TOF1 3.2.0
2025-06-25 22:22:20,980 [INFO] ThirdParty:1030 - CMSIS Pack Vendor :STMicroelectronics PDM2PCM 3.2.0
2025-06-25 22:22:20,980 [INFO] ThirdParty:1030 - CMSIS Pack Vendor :STMicroelectronics X-CUBE-AZRTOS-H7 3.0.0
2025-06-25 22:22:20,980 [INFO] ThirdParty:1030 - CMSIS Pack Vendor :STMicroelectronics X-CUBE-ISPU 1.1.0
2025-06-25 22:22:20,980 [INFO] ThirdParty:1030 - CMSIS Pack Vendor :STMicroelectronics X-CUBE-AZRTOS-H7 3.3.0
2025-06-25 22:22:20,980 [INFO] ThirdParty:1030 - CMSIS Pack Vendor :RoweBots I-CUBE-UNISONRTOS 5.5.0-4
2025-06-25 22:22:20,980 [INFO] ThirdParty:1030 - CMSIS Pack Vendor :STMicroelectronics X-CUBE-NFC9 1.0.0
2025-06-25 22:22:20,980 [INFO] ThirdParty:1030 - CMSIS Pack Vendor :STMicroelectronics X-CUBE-BLE1 7.1.0
2025-06-25 22:22:20,980 [INFO] ThirdParty:1030 - CMSIS Pack Vendor :STMicroelectronics USB_DEVICE 3.0.0
2025-06-25 22:22:20,980 [INFO] ThirdParty:1030 - CMSIS Pack Vendor :STMicroelectronics X-CUBE-TCPP 4.1.0
2025-06-25 22:22:20,980 [INFO] ThirdParty:1030 - CMSIS Pack Vendor :STMicroelectronics X-CUBE-IPS 3.0.0
2025-06-25 22:22:20,980 [INFO] ThirdParty:1030 - CMSIS Pack Vendor :STMicroelectronics X-CUBE-AZRTOS-WB 2.0.0
2025-06-25 22:22:20,980 [INFO] ThirdParty:1030 - CMSIS Pack Vendor :STMicroelectronics X-CUBE-GNSS1 7.0.0
2025-06-25 22:22:20,980 [INFO] ThirdParty:1030 - CMSIS Pack Vendor :STMicroelectronics X-CUBE-TOUCHGFX 4.21.0
2025-06-25 22:22:20,980 [INFO] ThirdParty:1030 - CMSIS Pack Vendor :STMicroelectronics X-CUBE-GNSS1 7.0.1
2025-06-25 22:22:20,980 [INFO] ThirdParty:1030 - CMSIS Pack Vendor :STMicroelectronics X-CUBE-TOUCHGFX 4.25.0
2025-06-25 22:22:20,980 [INFO] ThirdParty:1030 - CMSIS Pack Vendor :STMicroelectronics X-CUBE-MEMS1 9.4.0
2025-06-25 22:22:20,980 [INFO] ThirdParty:1030 - CMSIS Pack Vendor :STMicroelectronics X-CUBE-AI 7.3.0
2025-06-25 22:22:20,980 [INFO] ThirdParty:1030 - CMSIS Pack Vendor :STMicroelectronics X-CUBE-AI 10.1.0
2025-06-25 22:22:20,980 [INFO] ThirdParty:1030 - CMSIS Pack Vendor :STMicroelectronics FP-SNS-STBOX1 2.0.0
2025-06-25 22:22:20,980 [INFO] ThirdParty:1030 - CMSIS Pack Vendor :STMicroelectronics X-CUBE-ALGOBUILD 1.3.0
2025-06-25 22:22:20,980 [INFO] ThirdParty:1030 - CMSIS Pack Vendor :STMicroelectronics X-CUBE-AZRTOS-L5 1.1.0
2025-06-25 22:22:20,981 [INFO] ThirdParty:1030 - CMSIS Pack Vendor :STMicroelectronics X-CUBE-MEMS1 11.2.0
2025-06-25 22:22:20,981 [INFO] ThirdParty:1030 - CMSIS Pack Vendor :STMicroelectronics X-CUBE-AZRTOS-G0 1.1.0
2025-06-25 22:22:20,981 [INFO] ThirdParty:1030 - CMSIS Pack Vendor :STMicroelectronics X-CUBE-SAFEA1 1.2.2
2025-06-25 22:22:20,981 [INFO] ThirdParty:1030 - CMSIS Pack Vendor :STMicroelectronics X-CUBE-NFC4 3.0.0
2025-06-25 22:22:20,981 [INFO] ThirdParty:1030 - CMSIS Pack Vendor :STMicroelectronics X-CUBE-SUBG2 5.0.0
2025-06-25 22:22:20,981 [INFO] ThirdParty:1030 - CMSIS Pack Vendor :STMicroelectronics X-CUBE-AZRTOS-H7RS 1.1.0
2025-06-25 22:22:20,981 [INFO] ThirdParty:1030 - CMSIS Pack Vendor :STMicroelectronics STM32_WPAN 1.0.0
2025-06-25 22:22:20,981 [INFO] ThirdParty:1030 - CMSIS Pack Vendor :EmbeddedOffice I-CUBE-FS-RTOS 1.0.1
2025-06-25 22:22:20,981 [INFO] ThirdParty:1030 - CMSIS Pack Vendor :STMicroelectronics lwIP 2.0.3
2025-06-25 22:22:20,982 [INFO] ThirdParty:1030 - CMSIS Pack Vendor :Cesanta I-CUBE-Mongoose 7.13.0
2025-06-25 22:22:20,982 [INFO] ThirdParty:1030 - CMSIS Pack Vendor :STMicroelectronics USB_HOST 1.0.0
2025-06-25 22:22:20,982 [INFO] ThirdParty:1030 - CMSIS Pack Vendor :STMicroelectronics X-CUBE-AZRTOS-G4 2.0.0
2025-06-25 22:22:20,982 [INFO] ThirdParty:1030 - CMSIS Pack Vendor :STMicroelectronics X-CUBE-WB05N 2.0.0
2025-06-25 22:22:20,982 [INFO] ThirdParty:1030 - CMSIS Pack Vendor :STMicroelectronics PDM2PCM 3.1.0
2025-06-25 22:22:20,982 [INFO] ThirdParty:1030 - CMSIS Pack Vendor :STMicroelectronics FP-ATR-ASTRA1 1.1.1
2025-06-25 22:22:20,982 [INFO] ThirdParty:1030 - CMSIS Pack Vendor :STMicroelectronics X-CUBE-BLEMGR 1.3.0
2025-06-25 22:22:20,982 [INFO] ThirdParty:1030 - CMSIS Pack Vendor :STMicroelectronics X-CUBE-NFC7 2.0.0
2025-06-25 22:22:20,982 [INFO] ThirdParty:1030 - CMSIS Pack Vendor :RealThread X-CUBE-RT-Thread_Nano 4.1.1
2025-06-25 22:22:20,982 [INFO] ThirdParty:1030 - CMSIS Pack Vendor :STMicroelectronics FP-ATR-SIGFOX1 3.2.0
2025-06-25 22:22:20,982 [INFO] ThirdParty:1030 - CMSIS Pack Vendor :STMicroelectronics X-CUBE-AZRTOS-G4 1.0.0
2025-06-25 22:22:20,982 [INFO] ThirdParty:1030 - CMSIS Pack Vendor :STMicroelectronics X-CUBE-AZRTOS-L4 1.0.0
2025-06-25 22:22:20,983 [INFO] ThirdParty:1030 - CMSIS Pack Vendor :quantropi X-CUBE-qispace-sdk-base 1.9.3
2025-06-25 22:22:20,983 [INFO] ThirdParty:1030 - CMSIS Pack Vendor :STMicroelectronics X-CUBE-EEPRMA1 5.1.0
2025-06-25 22:22:20,983 [INFO] ThirdParty:1030 - CMSIS Pack Vendor :STMicroelectronics MBEDTLS 2.16.2
2025-06-25 22:22:20,983 [INFO] ThirdParty:1030 - CMSIS Pack Vendor :STMicroelectronics X-CUBE-ALS 1.0.2
2025-06-25 22:22:20,983 [INFO] ThirdParty:1030 - CMSIS Pack Vendor :STMicroelectronics X-CUBE-TOUCHGFX 4.20.0
2025-06-25 22:22:20,983 [INFO] ThirdParty:1030 - CMSIS Pack Vendor :ITTIA_DB I-CUBE-ITTIADB 8.9.0
2025-06-25 22:22:20,983 [INFO] ThirdParty:1030 - CMSIS Pack Vendor :STMicroelectronics X-CUBE-TOUCHGFX 4.24.2
2025-06-25 22:22:20,983 [INFO] ThirdParty:1030 - CMSIS Pack Vendor :STMicroelectronics X-CUBE-AZRTOS-WL 1.0.0
2025-06-25 22:22:20,983 [INFO] ThirdParty:1030 - CMSIS Pack Vendor :STMicroelectronics X-CUBE-TOUCHGFX 4.24.1
2025-06-25 22:22:20,983 [INFO] ThirdParty:1030 - CMSIS Pack Vendor :wolfSSL I-CUBE-wolfTPM 3.4.0
2025-06-25 22:22:20,983 [INFO] ThirdParty:1030 - CMSIS Pack Vendor :portGmbH I-Cube-SoM-uGOAL 1.1.0
2025-06-25 22:22:20,983 [INFO] ThirdParty:1030 - CMSIS Pack Vendor :STMicroelectronics X-CUBE-ALS 1.0.1
2025-06-25 22:22:20,983 [INFO] ThirdParty:1030 - CMSIS Pack Vendor :STMicroelectronics ThreadX 1.0.0
2025-06-25 22:22:20,983 [INFO] ThirdParty:1030 - CMSIS Pack Vendor :STMicroelectronics X-CUBE-AZRTOS-WB 1.1.0
2025-06-25 22:22:20,983 [INFO] ThirdParty:1030 - CMSIS Pack Vendor :SEGGER I-CUBE-embOS 1.3.1
2025-06-25 22:22:20,983 [INFO] ThirdParty:1030 - CMSIS Pack Vendor :STMicroelectronics X-CUBE-ALGOBUILD 1.4.0
2025-06-25 22:22:20,983 [INFO] ThirdParty:1030 - CMSIS Pack Vendor :STMicroelectronics X-CUBE-MEMS1 11.3.0
2025-06-25 22:22:20,983 [INFO] ThirdParty:1030 - CMSIS Pack Vendor :SEGGER I-CUBE-embOS 1.3.0
2025-06-25 22:22:20,984 [INFO] ThirdParty:1030 - CMSIS Pack Vendor :STMicroelectronics X-CUBE-EEPRMA1 3.1.1
2025-06-25 22:22:20,984 [INFO] ThirdParty:1030 - CMSIS Pack Vendor :STMicroelectronics X-CUBE-AZRTOS-H7RS 1.0.0
2025-06-25 22:22:20,984 [INFO] ThirdParty:1030 - CMSIS Pack Vendor :STMicroelectronics X-CUBE-TOF1 3.4.2
2025-06-25 22:22:20,984 [INFO] ThirdParty:1030 - CMSIS Pack Vendor :STMicroelectronics X-CUBE-AI 9.1.0
2025-06-25 22:22:20,984 [INFO] ThirdParty:1030 - CMSIS Pack Vendor :Infineon AIROC-Wi-Fi-Bluetooth-STM32 1.6.1
2025-06-25 22:22:20,984 [INFO] ThirdParty:1030 - CMSIS Pack Vendor :wolfSSL I-CUBE-wolfSSH 1.4.17
2025-06-25 22:22:20,984 [INFO] ThirdParty:841 - exiting critical section [change project]
2025-06-25 22:22:21,222 [INFO] PinOutPanel:1561 - setPackage(No Configuration,No Configuration)
2025-06-25 22:22:21,223 [INFO] PinOutPanel:1561 - setPackage(STM32F411VETx,LQFP100)
2025-06-25 22:22:21,401 [INFO] UtilMem:75 - Before build in PCC Used Memory: 838281264 Bytes (1073741824)
2025-06-25 22:22:21,678 [INFO] UtilMem:75 - After build in PCC Used Memory: 881894960 Bytes (1073741824)
2025-06-25 22:22:21,706 [INFO] IPUIPlugin:80 - create IPUIPlugin
2025-06-25 22:22:21,707 [INFO] IPUIPlugin:80 - create IPUIPlugin
2025-06-25 22:22:21,707 [INFO] IPUIPlugin:80 - create IPUIPlugin
2025-06-25 22:22:21,707 [INFO] IPUIPlugin:80 - create IPUIPlugin
2025-06-25 22:22:21,707 [INFO] IPUIPlugin:80 - create IPUIPlugin
2025-06-25 22:22:21,707 [INFO] IPUIPlugin:80 - create IPUIPlugin
2025-06-25 22:22:21,707 [INFO] IPUIPlugin:80 - create IPUIPlugin
2025-06-25 22:22:21,707 [INFO] IPUIPlugin:80 - create IPUIPlugin
2025-06-25 22:22:21,708 [INFO] IPUIPlugin:80 - create IPUIPlugin
2025-06-25 22:22:21,708 [INFO] IPUIPlugin:80 - create IPUIPlugin
2025-06-25 22:22:21,708 [INFO] IPUIPlugin:80 - create IPUIPlugin
2025-06-25 22:22:21,708 [INFO] IPUIPlugin:80 - create IPUIPlugin
2025-06-25 22:22:21,708 [INFO] IPUIPlugin:80 - create IPUIPlugin
2025-06-25 22:22:21,708 [INFO] IPUIPlugin:80 - create IPUIPlugin
2025-06-25 22:22:21,708 [INFO] IPUIPlugin:80 - create IPUIPlugin
2025-06-25 22:22:21,709 [INFO] IPUIPlugin:80 - create IPUIPlugin
2025-06-25 22:22:21,709 [INFO] IPUIPlugin:80 - create IPUIPlugin
2025-06-25 22:22:21,709 [INFO] IPUIPlugin:80 - create IPUIPlugin
2025-06-25 22:22:21,710 [INFO] IPUIPlugin:80 - create IPUIPlugin
2025-06-25 22:22:21,710 [INFO] IPUIPlugin:80 - create IPUIPlugin
2025-06-25 22:22:21,710 [INFO] IPUIPlugin:80 - create IPUIPlugin
2025-06-25 22:22:21,710 [INFO] IPUIPlugin:80 - create IPUIPlugin
2025-06-25 22:22:21,710 [INFO] IPUIPlugin:80 - create IPUIPlugin
2025-06-25 22:22:21,711 [INFO] IPUIPlugin:80 - create IPUIPlugin
2025-06-25 22:22:21,711 [INFO] IPUIPlugin:80 - create IPUIPlugin
2025-06-25 22:22:21,711 [INFO] IPUIPlugin:80 - create IPUIPlugin
2025-06-25 22:22:21,711 [INFO] IPUIPlugin:80 - create IPUIPlugin
2025-06-25 22:22:21,711 [INFO] IPUIPlugin:80 - create IPUIPlugin
2025-06-25 22:22:21,712 [INFO] IPUIPlugin:80 - create IPUIPlugin
2025-06-25 22:22:21,712 [INFO] IPUIPlugin:80 - create IPUIPlugin
2025-06-25 22:22:21,712 [INFO] IPUIPlugin:80 - create IPUIPlugin
2025-06-25 22:22:21,712 [INFO] IPUIPlugin:80 - create IPUIPlugin
2025-06-25 22:22:21,713 [INFO] IPUIPlugin:80 - create IPUIPlugin
2025-06-25 22:22:21,713 [INFO] IPUIPlugin:80 - create IPUIPlugin
2025-06-25 22:22:21,714 [INFO] IPUIPlugin:80 - create IPUIPlugin
2025-06-25 22:22:21,715 [INFO] IPUIPlugin:80 - create IPUIPlugin
2025-06-25 22:22:21,715 [INFO] IPUIPlugin:80 - create IPUIPlugin
2025-06-25 22:22:21,716 [INFO] IPUIPlugin:80 - create IPUIPlugin
2025-06-25 22:22:21,716 [INFO] IPUIPlugin:80 - create IPUIPlugin
2025-06-25 22:22:21,717 [INFO] IPUIPlugin:80 - create IPUIPlugin
2025-06-25 22:22:21,717 [INFO] IPUIPlugin:80 - create IPUIPlugin
2025-06-25 22:22:21,717 [INFO] IPUIPlugin:80 - create IPUIPlugin
2025-06-25 22:22:21,718 [INFO] IPUIPlugin:80 - create IPUIPlugin
2025-06-25 22:22:21,721 [INFO] ApiDbMcu:508 - Load IP Config File for PDM2PCM
2025-06-25 22:22:21,793 [INFO] CADModel:165 - CPN selected for project levelSTM32F411VET6
2025-06-25 22:22:21,793 [INFO] CADModel:114 - Register for checkConnection events
2025-06-25 22:22:21,855 [INFO] OpenFileManager:363 - Restore cursor
2025-06-25 22:38:18,041 [INFO] WebApp:189 - Connection lost
2025-06-25 22:38:19,391 [INFO] WebApp:186 - Connection restablished
2025-06-25 22:38:19,808 [INFO] WebApp:189 - Connection lost
2025-06-25 22:38:19,961 [INFO] WebApp:186 - Connection restablished
2025-06-25 22:38:22,919 [INFO] WebApp:189 - Connection lost
2025-06-25 22:38:23,064 [INFO] WebApp:186 - Connection restablished
2025-06-25 22:38:26,278 [INFO] WebApp:189 - Connection lost
2025-06-25 22:38:26,392 [INFO] WebApp:186 - Connection restablished
2025-06-25 22:39:12,767 [INFO] WebApp:189 - Connection lost
2025-06-25 22:39:12,906 [INFO] WebApp:186 - Connection restablished
2025-06-25 22:41:34,845 [INFO] WebApp:189 - Connection lost
2025-06-25 22:41:35,015 [INFO] WebApp:186 - Connection restablished
2025-06-25 22:43:12,869 [INFO] WebApp:189 - Connection lost
2025-06-25 22:43:13,059 [INFO] WebApp:186 - Connection restablished
2025-06-25 22:47:53,858 [INFO] WebApp:189 - Connection lost
2025-06-25 22:47:54,044 [INFO] WebApp:186 - Connection restablished
2025-06-25 22:49:12,777 [INFO] WebApp:189 - Connection lost
2025-06-25 22:49:12,944 [INFO] WebApp:186 - Connection restablished
2025-06-25 22:50:45,294 [INFO] WebApp:189 - Connection lost
2025-06-25 22:50:45,438 [INFO] WebApp:186 - Connection restablished
2025-06-25 22:53:15,796 [INFO] WebApp:189 - Connection lost
2025-06-25 22:53:15,957 [INFO] WebApp:186 - Connection restablished
2025-06-25 23:19:29,192 [INFO] WebApp:189 - Connection lost
2025-06-25 23:19:32,012 [INFO] WebApp:186 - Connection restablished
2025-06-25 23:19:33,781 [INFO] WebApp:189 - Connection lost
2025-06-25 23:19:33,942 [INFO] WebApp:186 - Connection restablished
2025-06-25 23:19:37,271 [INFO] WebApp:189 - Connection lost
2025-06-25 23:19:37,386 [INFO] WebApp:186 - Connection restablished
2025-06-25 23:19:40,776 [INFO] WebApp:189 - Connection lost
2025-06-25 23:19:40,916 [INFO] WebApp:186 - Connection restablished
2025-06-25 23:38:45,752 [INFO] WebApp:388 - JxBrowser engine has been closed 
